"Title","Start","End","Duration"
"Sleep","11/02/2015 00:00","11/02/2015 04:30","04:30"
"Personal","11/02/2015 04:30","11/02/2015 05:30","01:00"
"Non-Technical Work","11/02/2015 05:30","11/02/2015 08:00","02:30"
"Meetings","11/02/2015 08:00","11/02/2015 14:30","06:30"
"Non-Technical Work","11/02/2015 14:30","11/02/2015 16:00","01:30"
"Meetings","11/02/2015 16:00","11/02/2015 22:30","06:30"
"Non-Technical Work","11/02/2015 22:30","11/03/2015 00:00","01:30"
"Sleep","11/03/2015 00:00","11/03/2015 04:30","04:30"
"Personal","11/03/2015 04:30","11/03/2015 05:30","01:00"
"Non-Technical Work","11/03/2015 05:30","11/03/2015 19:00","13:30"
"Meetings","11/03/2015 19:00","11/03/2015 23:30","04:30"
"Sleep","11/03/2015 23:30","11/04/2015 00:00","00:30"
"Sleep","11/04/2015 00:00","11/04/2015 05:30","05:30"
"Non-Technical Work","11/04/2015 05:30","11/04/2015 08:00","02:30"
"Meetings","11/04/2015 08:00","11/04/2015 10:00","02:00"
"Non-Technical Work","11/04/2015 10:00","11/04/2015 11:00","01:00"
"Meetings","11/04/2015 11:00","11/04/2015 21:30","10:30"
"Meetings","11/04/2015 21:30","11/04/2015 23:00","01:30"
"Sleep","11/04/2015 23:00","11/05/2015 00:00","01:00"
"Sleep","11/05/2015 00:00","11/05/2015 04:30","04:30"
"Personal","11/05/2015 04:30","11/05/2015 05:30","01:00"
"Non-Technical Work","11/05/2015 05:30","11/05/2015 08:00","02:30"
"Meetings","11/05/2015 08:00","11/05/2015 09:00","01:00"
"Non-Technical Work","11/05/2015 09:00","11/05/2015 11:00","02:00"
"Meetings","11/05/2015 11:00","11/05/2015 15:30","04:30"
"Technical Work","11/05/2015 15:30","11/05/2015 16:00","00:30"
"Non-Technical Work","11/05/2015 16:00","11/05/2015 17:00","01:00"
"Meetings","11/05/2015 17:00","11/05/2015 18:30","01:30"
"Meetings","11/05/2015 18:30","11/05/2015 23:00","04:30"
"Sleep","11/05/2015 23:00","11/06/2015 00:00","01:00"
"Sleep","11/06/2015 00:00","11/06/2015 04:30","04:30"
"Exercise","11/06/2015 04:30","11/06/2015 06:00","01:30"
"Personal","11/06/2015 06:00","11/06/2015 07:00","01:00"
"Non-Technical Work","11/06/2015 07:00","11/06/2015 08:00","01:00"
"Meetings","11/06/2015 08:00","11/06/2015 15:30","07:30"
"Non-Technical Work","11/06/2015 15:30","11/06/2015 18:00","02:30"
"Meetings","11/06/2015 18:00","11/06/2015 23:00","05:00"
"Personal","11/06/2015 23:00","11/06/2015 23:30","00:30"
"Sleep","11/06/2015 23:30","11/07/2015 00:00","00:30"
"Sleep","11/07/2015 00:00","11/07/2015 05:00","05:00"
"Personal","11/07/2015 05:00","11/07/2015 05:30","00:30"
"Non-Technical Work","11/07/2015 05:30","11/07/2015 18:00","12:30"
"Meetings","11/07/2015 18:00","11/07/2015 22:15","04:15"
"Personal","11/07/2015 22:15","11/07/2015 22:45","00:30"
"Sleep","11/07/2015 22:45","11/08/2015 00:00","01:15"
"Sleep","11/08/2015 00:00","11/08/2015 05:00","05:00"
"Non-Technical Work","11/08/2015 05:00","11/08/2015 20:00","15:00"
"Meetings","11/08/2015 20:00","11/08/2015 22:45","02:45"
"Personal","11/08/2015 22:45","11/08/2015 23:15","00:30"
"Sleep","11/08/2015 23:15","11/09/2015 00:00","00:45"
"Sleep","11/09/2015 00:00","11/09/2015 04:45","04:45"
"Personal","11/09/2015 04:45","11/09/2015 05:30","00:45"
"Non-Technical Work","11/09/2015 05:30","11/09/2015 08:00","02:30"
"Meetings","11/09/2015 08:00","11/09/2015 10:00","02:00"
"Non-Technical Work","11/09/2015 10:00","11/09/2015 11:30","01:30"
"Meetings","11/09/2015 11:30","11/09/2015 13:15","01:45"
"Non-Technical Work","11/09/2015 13:15","11/09/2015 13:45","00:30"
"Meetings","11/09/2015 13:45","11/09/2015 16:00","02:15"
"Non-Technical Work","11/09/2015 16:00","11/09/2015 20:00","04:00"
"Meetings","11/09/2015 20:00","11/09/2015 22:00","02:00"
"Personal","11/09/2015 22:00","11/09/2015 22:30","00:30"
"Sleep","11/09/2015 22:30","11/10/2015 00:00","01:30"
"Sleep","11/10/2015 00:00","11/10/2015 05:45","05:45"
"Non-Technical Work","11/10/2015 05:45","11/10/2015 08:00","02:15"
"Meetings","11/10/2015 08:00","11/10/2015 08:15","00:15"
"Non-Technical Work","11/10/2015 08:15","11/10/2015 10:00","01:45"
"Non-Technical Work","11/10/2015 10:00","11/10/2015 11:30","01:30"
"Meetings","11/10/2015 11:30","11/10/2015 16:00","04:30"
"Meetings","11/10/2015 16:00","11/10/2015 17:45","01:45"
"Non-Technical Work","11/10/2015 17:45","11/10/2015 19:30","01:45"
"Meetings","11/10/2015 19:30","11/10/2015 21:30","02:00"
"Personal","11/10/2015 21:30","11/10/2015 22:45","01:15"
"Sleep","11/10/2015 22:45","11/11/2015 00:00","01:15"
"Sleep","11/11/2015 00:00","11/11/2015 05:00","05:00"
"Non-Technical Work","11/11/2015 05:00","11/11/2015 08:00","03:00"
"Meetings","11/11/2015 08:00","11/11/2015 10:30","02:30"
"Non-Technical Work","11/11/2015 10:30","11/11/2015 16:00","05:30"
"Meetings","11/11/2015 16:00","11/11/2015 17:30","01:30"
"Non-Technical Work","11/11/2015 17:30","11/11/2015 19:30","02:00"
"Meetings","11/11/2015 19:30","11/11/2015 23:00","03:30"
"Personal","11/11/2015 23:00","11/11/2015 23:30","00:30"
"Sleep","11/11/2015 23:30","11/12/2015 00:00","00:30"
"Sleep","11/12/2015 00:00","11/12/2015 04:45","04:45"
"Personal","11/12/2015 04:45","11/12/2015 05:30","00:45"
"Non-Technical Work","11/12/2015 05:30","11/12/2015 08:00","02:30"
"Meetings","11/12/2015 08:00","11/12/2015 09:30","01:30"
"Non-Technical Work","11/12/2015 09:30","11/12/2015 14:15","04:45"
"Meetings","11/12/2015 14:15","11/12/2015 14:45","00:30"
"Non-Technical Work","11/12/2015 14:45","11/12/2015 15:30","00:45"
"Meetings","11/12/2015 15:30","11/12/2015 21:00","05:30"
"Personal","11/12/2015 21:00","11/12/2015 22:45","01:45"
"Personal","11/12/2015 22:45","11/12/2015 23:15","00:30"
"Sleep","11/12/2015 23:15","11/13/2015 00:00","00:45"
"Sleep","11/13/2015 00:00","11/13/2015 05:00","05:00"
"Non-Technical Work","11/13/2015 05:00","11/13/2015 08:00","03:00"
"Meetings","11/13/2015 08:00","11/13/2015 08:30","00:30"
"Non-Technical Work","11/13/2015 08:30","11/13/2015 09:00","00:30"
"Meetings","11/13/2015 09:00","11/13/2015 10:15","01:15"
"Non-Technical Work","11/13/2015 10:15","11/13/2015 12:15","02:00"
"Meetings","11/13/2015 12:15","11/13/2015 12:45","00:30"
"Non-Technical Work","11/13/2015 12:45","11/13/2015 13:15","00:30"
"Travel","11/13/2015 13:15","11/13/2015 13:45","00:30"
"Non-Technical Work","11/13/2015 13:45","11/13/2015 15:30","01:45"
"Travel","11/13/2015 15:30","11/13/2015 19:30","04:00"
"Personal","11/13/2015 19:30","11/13/2015 23:15","03:45"
"Sleep","11/13/2015 23:15","11/14/2015 00:00","00:45"
"Sleep","11/14/2015 00:00","11/14/2015 08:00","08:00"
"Non-Technical Work","11/14/2015 08:00","11/14/2015 11:00","03:00"
"Personal","11/14/2015 11:00","11/14/2015 22:45","11:45"
"Personal","11/14/2015 22:45","11/14/2015 23:15","00:30"
"Sleep","11/14/2015 23:15","11/15/2015 00:00","00:45"
"Sleep","11/15/2015 00:00","11/15/2015 06:30","06:30"
"Non-Technical Work","11/15/2015 06:30","11/15/2015 08:15","01:45"
"Personal","11/15/2015 08:15","11/15/2015 13:00","04:45"
"Non-Technical Work","11/15/2015 13:00","11/15/2015 18:00","05:00"
"Personal","11/15/2015 18:00","11/15/2015 22:45","04:45"
"Personal","11/15/2015 22:45","11/15/2015 23:15","00:30"
"Sleep","11/15/2015 23:15","11/16/2015 00:00","00:45"
"Sleep","11/16/2015 00:00","11/16/2015 05:00","05:00"
"Non-Technical Work","11/16/2015 05:00","11/16/2015 07:00","02:00"
"Personal","11/16/2015 07:00","11/16/2015 13:00","06:00"
"Non-Technical Work","11/16/2015 13:00","11/16/2015 18:00","05:00"
"Personal","11/16/2015 18:00","11/16/2015 22:45","04:45"
"Sleep","11/16/2015 22:45","11/16/2015 23:30","00:45"
"Travel","11/16/2015 23:30","11/17/2015 00:00","00:30"
"Travel","11/17/2015 00:00","11/17/2015 06:15","06:15"
"Non-Technical Work","11/17/2015 06:15","11/17/2015 09:45","03:30"
"Travel","11/17/2015 09:45","11/17/2015 10:00","00:15"
"Non-Technical Work","11/17/2015 10:00","11/17/2015 11:00","01:00"
"Travel","11/17/2015 11:00","11/17/2015 11:30","00:30"
"Meetings","11/17/2015 11:30","11/17/2015 12:45","01:15"
"Non-Technical Work","11/17/2015 12:45","11/17/2015 14:00","01:15"
"Meetings","11/17/2015 14:00","11/17/2015 14:15","00:15"
"Non-Technical Work","11/17/2015 14:15","11/17/2015 16:00","01:45"
"Meetings","11/17/2015 16:00","11/17/2015 22:00","06:00"
"Personal","11/17/2015 22:00","11/17/2015 23:00","01:00"
"Sleep","11/17/2015 23:00","11/18/2015 00:00","01:00"
"Sleep","11/18/2015 00:00","11/18/2015 05:00","05:00"
"Non-Technical Work","11/18/2015 05:00","11/18/2015 08:00","03:00"
"Meetings","11/18/2015 08:00","11/18/2015 08:15","00:15"
"Non-Technical Work","11/18/2015 08:15","11/18/2015 10:00","01:45"
"Meetings","11/18/2015 10:00","11/18/2015 11:00","01:00"
"Non-Technical Work","11/18/2015 11:00","11/18/2015 12:45","01:45"
"Meetings","11/18/2015 12:45","11/18/2015 13:15","00:30"
"Non-Technical Work","11/18/2015 13:15","11/18/2015 14:00","00:45"
"Meetings","11/18/2015 14:00","11/18/2015 22:00","08:00"
"Personal","11/18/2015 22:00","11/18/2015 23:00","01:00"
"Sleep","11/18/2015 23:00","11/19/2015 00:00","01:00"
"Sleep","11/19/2015 00:00","11/19/2015 05:00","05:00"
"Non-Technical Work","11/19/2015 05:00","11/19/2015 08:00","03:00"
"Meetings","11/19/2015 08:00","11/19/2015 08:15","00:15"
"Non-Technical Work","11/19/2015 08:15","11/19/2015 09:00","00:45"
"Meetings","11/19/2015 09:00","11/19/2015 09:15","00:15"
"Non-Technical Work","11/19/2015 09:15","11/19/2015 10:00","00:45"
"Meetings","11/19/2015 10:00","11/19/2015 11:00","01:00"
"Non-Technical Work","11/19/2015 11:00","11/19/2015 13:45","02:45"
"Meetings","11/19/2015 13:45","11/19/2015 15:15","01:30"
"Non-Technical Work","11/19/2015 15:15","11/19/2015 17:00","01:45"
"Meetings","11/19/2015 17:00","11/20/2015 00:00","07:00"
"Sleep","11/20/2015 00:00","11/20/2015 05:00","05:00"
"Non-Technical Work","11/20/2015 05:00","11/20/2015 08:00","03:00"
"Meetings","11/20/2015 08:00","11/20/2015 09:00","01:00"
"Non-Technical Work","11/20/2015 09:00","11/20/2015 11:00","02:00"
"Meetings","11/20/2015 11:00","11/20/2015 12:00","01:00"
"Non-Technical Work","11/20/2015 12:00","11/20/2015 16:30","04:30"
"Meetings","11/20/2015 16:30","11/20/2015 18:30","02:00"
"Non-Technical Work","11/20/2015 18:30","11/20/2015 21:00","02:30"
"Sleep","11/20/2015 21:00","11/20/2015 22:30","01:30"
"Travel","11/20/2015 22:30","11/21/2015 00:00","01:30"
"Travel","11/21/2015 00:00","11/21/2015 02:30","02:30"
"Personal","11/21/2015 02:30","11/21/2015 03:00","00:30"
"Sleep","11/21/2015 03:00","11/21/2015 06:30","03:30"
"Personal","11/21/2015 06:30","11/21/2015 09:00","02:30"
"Non-Technical Work","11/21/2015 09:00","11/21/2015 13:00","04:00"
"Sleep","11/21/2015 13:00","11/21/2015 15:00","02:00"
"Personal","11/21/2015 15:00","11/21/2015 19:00","04:00"
"Non-Technical Work","11/21/2015 19:00","11/21/2015 23:30","04:30"
"Sleep","11/21/2015 23:30","11/22/2015 00:00","00:30"
"Sleep","11/22/2015 00:00","11/22/2015 05:00","05:00"
"Non-Technical Work","11/22/2015 05:00","11/22/2015 08:00","03:00"
"Meetings","11/22/2015 08:00","11/22/2015 08:15","00:15"
"Non-Technical Work","11/22/2015 08:15","11/22/2015 18:00","09:45"
"Personal","11/22/2015 18:00","11/22/2015 20:30","02:30"
"Non-Technical Work","11/22/2015 20:30","11/23/2015 00:00","03:30"
"Personal","11/23/2015 00:00","11/23/2015 00:30","00:30"
"Sleep","11/23/2015 00:30","11/23/2015 05:00","04:30"
"Non-Technical Work","11/23/2015 05:00","11/23/2015 08:00","03:00"
"Meetings","11/23/2015 08:00","11/23/2015 09:00","01:00"
"Non-Technical Work","11/23/2015 09:00","11/23/2015 10:30","01:30"
"Meetings","11/23/2015 10:30","11/23/2015 11:30","01:00"
"Non-Technical Work","11/23/2015 11:30","11/23/2015 19:00","07:30"
"Personal","11/23/2015 19:00","11/23/2015 20:30","01:30"
"Non-Technical Work","11/23/2015 20:30","11/24/2015 00:00","03:30"
"Personal","11/24/2015 00:00","11/24/2015 00:30","00:30"
"Sleep","11/24/2015 00:30","11/24/2015 07:00","06:30"
"Non-Technical Work","11/24/2015 07:00","11/24/2015 07:30","00:30"
"Personal","11/24/2015 07:30","11/24/2015 08:00","00:30"
"Meetings","11/24/2015 08:00","11/24/2015 09:00","01:00"
"Non-Technical Work","11/24/2015 09:00","11/24/2015 11:30","02:30"
"Meetings","11/24/2015 11:30","11/24/2015 12:30","01:00"
"Non-Technical Work","11/24/2015 12:30","11/24/2015 19:00","06:30"
"Personal","11/24/2015 19:00","11/24/2015 20:30","01:30"
"Non-Technical Work","11/24/2015 20:30","11/25/2015 00:00","03:30"
"Personal","11/25/2015 00:00","11/25/2015 00:30","00:30"
"Sleep","11/25/2015 00:30","11/25/2015 05:00","04:30"
"Non-Technical Work","11/25/2015 05:00","11/25/2015 08:00","03:00"
"Meetings","11/25/2015 08:00","11/25/2015 09:00","01:00"
"Non-Technical Work","11/25/2015 09:00","11/25/2015 10:30","01:30"
"Meetings","11/25/2015 10:30","11/25/2015 13:00","02:30"
"Non-Technical Work","11/25/2015 13:00","11/25/2015 15:30","02:30"
"Personal","11/25/2015 15:30","11/25/2015 16:15","00:45"
"Non-Technical Work","11/25/2015 16:15","11/25/2015 19:00","02:45"
"Personal","11/25/2015 19:00","11/25/2015 21:30","02:30"
"Non-Technical Work","11/25/2015 21:30","11/26/2015 00:00","02:30"
"Non-Technical Work","11/26/2015 00:00","11/26/2015 00:30","00:30"
"Personal","11/26/2015 00:30","11/26/2015 01:00","00:30"
"Sleep","11/26/2015 01:00","11/26/2015 05:00","04:00"
"Non-Technical Work","11/26/2015 05:00","11/26/2015 08:00","03:00"
"Meetings","11/26/2015 08:00","11/26/2015 09:00","01:00"
"Non-Technical Work","11/26/2015 09:00","11/26/2015 10:00","01:00"
"Exercise","11/26/2015 10:00","11/26/2015 12:00","02:00"
"Technical Work","11/26/2015 12:00","11/26/2015 14:15","02:15"
"Non-Technical Work","11/26/2015 14:15","11/26/2015 16:00","01:45"
"Personal","11/26/2015 16:00","11/26/2015 18:45","02:45"
"Non-Technical Work","11/26/2015 18:45","11/26/2015 21:30","02:45"
"Technical Work","11/26/2015 21:30","11/27/2015 00:00","02:30"
"Sleep","11/27/2015 00:00","11/27/2015 05:30","05:30"
"Non-Technical Work","11/27/2015 05:30","11/27/2015 08:00","02:30"
"Meetings","11/27/2015 08:00","11/27/2015 09:00","01:00"
"Non-Technical Work","11/27/2015 09:00","11/27/2015 10:30","01:30"
"Meetings","11/27/2015 10:30","11/27/2015 11:30","01:00"
"Non-Technical Work","11/27/2015 11:30","11/27/2015 19:00","07:30"
"Personal","11/27/2015 19:00","11/27/2015 21:30","02:30"
"Non-Technical Work","11/27/2015 21:30","11/28/2015 00:00","02:30"
"Non-Technical Work","11/28/2015 00:00","11/28/2015 01:30","01:30"
"Sleep","11/28/2015 01:30","11/28/2015 06:30","05:00"
"Personal","11/28/2015 06:30","11/28/2015 09:00","02:30"
"Non-Technical Work","11/28/2015 09:00","11/28/2015 17:15","08:15"
"Personal","11/28/2015 17:15","11/28/2015 19:45","02:30"
"Non-Technical Work","11/28/2015 19:45","11/29/2015 00:00","04:15"
"Non-Technical Work","11/29/2015 00:00","11/29/2015 00:45","00:45"
"Sleep","11/29/2015 00:45","11/29/2015 07:30","06:45"
"Personal","11/29/2015 07:30","11/29/2015 09:15","01:45"
"Non-Technical Work","11/29/2015 09:15","11/29/2015 14:00","04:45"
"Personal","11/29/2015 14:00","11/29/2015 16:30","02:30"
"Non-Technical Work","11/29/2015 16:30","11/29/2015 18:30","02:00"
"Personal","11/29/2015 18:30","11/29/2015 20:15","01:45"
"Non-Technical Work","11/29/2015 20:15","11/30/2015 00:00","03:45"
"Sleep","11/30/2015 00:00","11/30/2015 06:00","06:00"
"Non-Technical Work","11/30/2015 06:00","11/30/2015 08:00","02:00"
"Meetings","11/30/2015 08:00","11/30/2015 09:00","01:00"
"Non-Technical Work","11/30/2015 09:00","11/30/2015 10:30","01:30"
"Meetings","11/30/2015 10:30","11/30/2015 11:30","01:00"
"Non-Technical Work","11/30/2015 11:30","11/30/2015 18:30","07:00"
"Personal","11/30/2015 18:30","11/30/2015 20:30","02:00"
"Non-Technical Work","11/30/2015 20:30","12/01/2015 00:00","03:30"
"Non-Technical Work","12/01/2015 00:00","12/01/2015 00:30","00:30"
"Sleep","12/01/2015 00:30","12/01/2015 05:30","05:00"
"Personal","12/01/2015 05:30","12/01/2015 06:15","00:45"
"Non-Technical Work","12/01/2015 06:15","12/01/2015 08:00","01:45"
"Meetings","12/01/2015 08:00","12/01/2015 08:30","00:30"
"Non-Technical Work","12/01/2015 08:30","12/01/2015 09:00","00:30"
"Meetings","12/01/2015 09:00","12/01/2015 09:45","00:45"
"Non-Technical Work","12/01/2015 09:45","12/01/2015 10:30","00:45"
"Meetings","12/01/2015 10:30","12/01/2015 11:30","01:00"
"Non-Technical Work","12/01/2015 11:30","12/01/2015 18:30","07:00"
"Personal","12/01/2015 18:30","12/01/2015 20:30","02:00"
"Non-Technical Work","12/01/2015 20:30","12/02/2015 00:00","03:30"
"Personal","12/02/2015 00:00","12/02/2015 00:30","00:30"
"Sleep","12/02/2015 00:30","12/02/2015 05:30","05:00"
"Personal","12/02/2015 05:30","12/02/2015 06:15","00:45"
"Non-Technical Work","12/02/2015 06:15","12/02/2015 08:00","01:45"
"Meetings","12/02/2015 08:00","12/02/2015 08:30","00:30"
"Non-Technical Work","12/02/2015 08:30","12/02/2015 10:30","02:00"
"Meetings","12/02/2015 10:30","12/02/2015 11:00","00:30"
"Non-Technical Work","12/02/2015 11:00","12/02/2015 18:30","07:30"
"Personal","12/02/2015 18:30","12/02/2015 20:30","02:00"
"Non-Technical Work","12/02/2015 20:30","12/03/2015 00:00","03:30"
"Personal","12/03/2015 00:00","12/03/2015 00:30","00:30"
"Sleep","12/03/2015 00:30","12/03/2015 06:15","05:45"
"Personal","12/03/2015 06:15","12/03/2015 08:00","01:45"
"Meetings","12/03/2015 08:00","12/03/2015 08:30","00:30"
"Non-Technical Work","12/03/2015 08:30","12/03/2015 13:00","04:30"
"Technical Work","12/03/2015 13:00","12/03/2015 18:30","05:30"
"Personal","12/03/2015 18:30","12/03/2015 20:30","02:00"
"Technical Work","12/03/2015 20:30","12/04/2015 00:00","03:30"
"Technical Work","12/04/2015 00:00","12/04/2015 00:30","00:30"
"Personal","12/04/2015 00:30","12/04/2015 01:00","00:30"
"Sleep","12/04/2015 01:00","12/04/2015 06:30","05:30"
"Personal","12/04/2015 06:30","12/04/2015 08:00","01:30"
"Meetings","12/04/2015 08:00","12/04/2015 08:30","00:30"
"Non-Technical Work","12/04/2015 08:30","12/04/2015 10:30","02:00"
"Meetings","12/04/2015 10:30","12/04/2015 11:00","00:30"
"Technical Work","12/04/2015 11:00","12/04/2015 19:00","08:00"
"Personal","12/04/2015 19:00","12/04/2015 21:00","02:00"
"Technical Work","12/04/2015 21:00","12/05/2015 00:00","03:00"
"Personal","12/05/2015 00:00","12/05/2015 00:30","00:30"
"Sleep","12/05/2015 00:30","12/05/2015 06:00","05:30"
"Personal","12/05/2015 06:00","12/05/2015 09:00","03:00"
"Technical Work","12/05/2015 09:00","12/05/2015 12:00","03:00"
"Personal","12/05/2015 12:00","12/05/2015 15:00","03:00"
"Technical Work","12/05/2015 15:00","12/05/2015 18:45","03:45"
"Personal","12/05/2015 18:45","12/05/2015 20:45","02:00"
"Technical Work","12/05/2015 20:45","12/06/2015 00:00","03:15"
"Personal","12/06/2015 00:00","12/06/2015 00:30","00:30"
"Sleep","12/06/2015 00:30","12/06/2015 06:00","05:30"
"Personal","12/06/2015 06:00","12/06/2015 12:00","06:00"
"Technical Work","12/06/2015 12:00","12/06/2015 19:30","07:30"
"Personal","12/06/2015 19:30","12/06/2015 22:00","02:30"
"Sleep","12/06/2015 22:00","12/07/2015 00:00","02:00"
"Sleep","12/07/2015 00:00","12/07/2015 02:00","02:00"
"Travel","12/07/2015 02:00","12/07/2015 14:30","12:30"
"Meetings","12/07/2015 14:30","12/07/2015 22:30","08:00"
"Sleep","12/07/2015 22:30","12/08/2015 00:00","01:30"
"Sleep","12/08/2015 00:00","12/08/2015 06:00","06:00"
"Personal","12/08/2015 06:00","12/08/2015 06:45","00:45"
"Non-Technical Work","12/08/2015 06:45","12/08/2015 08:00","01:15"
"Meetings","12/08/2015 08:00","12/09/2015 00:00","16:00"
"Sleep","12/09/2015 00:00","12/09/2015 06:30","06:30"
"Personal","12/09/2015 06:30","12/09/2015 07:00","00:30"
"Non-Technical Work","12/09/2015 07:00","12/09/2015 08:00","01:00"
"Meetings","12/09/2015 08:00","12/09/2015 08:30","00:30"
"Non-Technical Work","12/09/2015 08:30","12/09/2015 10:30","02:00"
"Meetings","12/09/2015 10:30","12/09/2015 18:00","07:30"
"Non-Technical Work","12/09/2015 18:00","12/09/2015 20:00","02:00"
"Meetings","12/09/2015 20:00","12/10/2015 00:00","04:00"
"Meetings","12/10/2015 00:00","12/10/2015 01:00","01:00"
"Sleep","12/10/2015 01:00","12/10/2015 07:30","06:30"
"Personal","12/10/2015 07:30","12/10/2015 08:00","00:30"
"Meetings","12/10/2015 08:00","12/10/2015 08:30","00:30"
"Non-Technical Work","12/10/2015 08:30","12/10/2015 11:00","02:30"
"Meetings","12/10/2015 11:00","12/10/2015 12:30","01:30"
"Non-Technical Work","12/10/2015 12:30","12/10/2015 16:30","04:00"
"Meetings","12/10/2015 16:30","12/11/2015 00:00","07:30"
"Meetings","12/11/2015 00:00","12/11/2015 00:30","00:30"
"Sleep","12/11/2015 00:30","12/11/2015 07:00","06:30"
"Personal","12/11/2015 07:00","12/11/2015 08:00","01:00"
"Meetings","12/11/2015 08:00","12/11/2015 08:30","00:30"
"Non-Technical Work","12/11/2015 08:30","12/11/2015 11:30","03:00"
"Travel","12/11/2015 11:30","12/12/2015 00:00","12:30"
"Sleep","12/12/2015 00:00","12/12/2015 07:45","07:45"
"Personal","12/12/2015 07:45","12/12/2015 10:45","03:00"
"Non-Technical Work","12/12/2015 10:45","12/12/2015 15:30","04:45"
"Personal","12/12/2015 15:30","12/12/2015 19:30","04:00"
"Non-Technical Work","12/12/2015 19:30","12/13/2015 00:00","04:30"
"Technical Work","12/13/2015 00:00","12/13/2015 00:30","00:30"
"Sleep","12/13/2015 00:30","12/13/2015 06:30","06:00"
"Personal","12/13/2015 06:30","12/13/2015 09:00","02:30"
"Non-Technical Work","12/13/2015 09:00","12/13/2015 15:15","06:15"
"Personal","12/13/2015 15:15","12/13/2015 17:45","02:30"
"Non-Technical Work","12/13/2015 17:45","12/13/2015 20:00","02:15"
"Personal","12/13/2015 20:00","12/13/2015 21:00","01:00"
"Meetings","12/13/2015 21:00","12/13/2015 21:30","00:30"
"Technical Work","12/13/2015 21:30","12/14/2015 00:00","02:30"
"Technical Work","12/14/2015 00:00","12/14/2015 00:30","00:30"
"Sleep","12/14/2015 00:30","12/14/2015 06:30","06:00"
"Personal","12/14/2015 06:30","12/14/2015 08:00","01:30"
"Meetings","12/14/2015 08:00","12/14/2015 08:30","00:30"
"Technical Work","12/14/2015 08:30","12/14/2015 18:30","10:00"
"Personal","12/14/2015 18:30","12/14/2015 21:00","02:30"
"Meetings","12/14/2015 21:00","12/14/2015 21:30","00:30"
"Technical Work","12/14/2015 21:30","12/15/2015 00:00","02:30"
"Sleep","12/15/2015 00:00","12/15/2015 05:30","05:30"
"Personal","12/15/2015 05:30","12/15/2015 07:00","01:30"
"Non-Technical Work","12/15/2015 07:00","12/15/2015 08:00","01:00"
"Meetings","12/15/2015 08:00","12/15/2015 08:30","00:30"
"Technical Work","12/15/2015 08:30","12/15/2015 19:00","10:30"
"Personal","12/15/2015 19:00","12/15/2015 21:00","02:00"
"Meetings","12/15/2015 21:00","12/15/2015 21:30","00:30"
"Technical Work","12/15/2015 21:30","12/16/2015 00:00","02:30"
"Sleep","12/16/2015 00:00","12/16/2015 06:00","06:00"
"Personal","12/16/2015 06:00","12/16/2015 08:00","02:00"
"Meetings","12/16/2015 08:00","12/16/2015 08:30","00:30"
"Technical Work","12/16/2015 08:30","12/16/2015 19:30","11:00"
"Personal","12/16/2015 19:30","12/16/2015 21:00","01:30"
"Meetings","12/16/2015 21:00","12/16/2015 21:30","00:30"
"Technical Work","12/16/2015 21:30","12/17/2015 00:00","02:30"
"Technical Work","12/17/2015 00:00","12/17/2015 01:00","01:00"
"Sleep","12/17/2015 01:00","12/17/2015 05:30","04:30"
"Personal","12/17/2015 05:30","12/17/2015 07:45","02:15"
"Meetings","12/17/2015 07:45","12/17/2015 08:30","00:45"
"Technical Work","12/17/2015 08:30","12/17/2015 19:30","11:00"
"Personal","12/17/2015 19:30","12/18/2015 00:00","04:30"
"Sleep","12/18/2015 00:00","12/18/2015 07:45","07:45"
"Meetings","12/18/2015 07:45","12/18/2015 08:30","00:45"
"Personal","12/18/2015 08:30","12/18/2015 20:30","12:00"
"Sleep","12/18/2015 20:30","12/19/2015 00:00","03:30"
"Sleep","12/19/2015 00:00","12/19/2015 00:30","00:30"
"Travel","12/19/2015 00:30","12/19/2015 14:00","13:30"
"Personal","12/19/2015 14:00","12/19/2015 19:30","05:30"
"Technical Work","12/19/2015 19:30","12/20/2015 00:00","04:30"
"Technical Work","12/20/2015 00:00","12/20/2015 01:30","01:30"
"Sleep","12/20/2015 01:30","12/20/2015 05:30","04:00"
"Personal","12/20/2015 05:30","12/20/2015 13:00","07:30"
"Technical Work","12/20/2015 13:00","12/20/2015 15:00","02:00"
"Personal","12/20/2015 15:00","12/20/2015 22:30","07:30"
"Technical Work","12/20/2015 22:30","12/21/2015 00:00","01:30"
"Technical Work","12/21/2015 00:00","12/21/2015 01:00","01:00"
"Sleep","12/21/2015 01:00","12/21/2015 05:15","04:15"
"Personal","12/21/2015 05:15","12/21/2015 08:00","02:45"
"Meetings","12/21/2015 08:00","12/21/2015 08:45","00:45"
"Personal","12/21/2015 08:45","12/21/2015 13:00","04:15"
"Non-Technical Work","12/21/2015 13:00","12/21/2015 14:30","01:30"
"Personal","12/21/2015 14:30","12/21/2015 22:30","08:00"
"Technical Work","12/21/2015 22:30","12/22/2015 00:00","01:30"
"Technical Work","12/22/2015 00:00","12/22/2015 01:00","01:00"
"Sleep","12/22/2015 01:00","12/22/2015 07:00","06:00"
"Personal","12/22/2015 07:00","12/22/2015 08:00","01:00"
"Meetings","12/22/2015 08:00","12/22/2015 08:45","00:45"
"Technical Work
","12/22/2015 08:45","12/22/2015 11:00","02:15"
"Personal","12/22/2015 11:00","12/22/2015 15:30","04:30"
"Technical Work
","12/22/2015 15:30","12/22/2015 19:00","03:30"
"Personal","12/22/2015 19:00","12/22/2015 20:30","01:30"
"Technical Work","12/22/2015 20:30","12/23/2015 00:00","03:30"
"Technical Work","12/23/2015 00:00","12/23/2015 01:00","01:00"
"Sleep","12/23/2015 01:00","12/23/2015 07:00","06:00"
"Personal","12/23/2015 07:00","12/23/2015 08:00","01:00"
"Meetings","12/23/2015 08:00","12/23/2015 08:45","00:45"
"Non-Technical Work","12/23/2015 08:45","12/23/2015 10:30","01:45"
"Personal","12/23/2015 10:30","12/23/2015 16:30","06:00"
"Non-Technical Work","12/23/2015 16:30","12/23/2015 18:15","01:45"
"Personal","12/23/2015 18:15","12/23/2015 20:30","02:15"
"Technical Work","12/23/2015 20:30","12/24/2015 00:00","03:30"
"Technical Work","12/24/2015 00:00","12/24/2015 01:00","01:00"
"Sleep","12/24/2015 01:00","12/24/2015 07:00","06:00"
"Personal","12/24/2015 07:00","12/24/2015 22:30","15:30"
"Non-Technical Work","12/24/2015 22:30","12/25/2015 00:00","01:30"
"Technical Work","12/25/2015 00:00","12/25/2015 01:00","01:00"
"Sleep","12/25/2015 01:00","12/25/2015 07:15","06:15"
"Personal","12/25/2015 07:15","12/25/2015 22:30","15:15"
"Non-Technical Work","12/25/2015 22:30","12/26/2015 00:00","01:30"
"Technical Work","12/26/2015 00:00","12/26/2015 01:00","01:00"
"Sleep","12/26/2015 01:00","12/26/2015 07:00","06:00"
"Personal","12/26/2015 07:00","12/26/2015 11:30","04:30"
"Non-Technical Work","12/26/2015 11:30","12/26/2015 16:30","05:00"
"Personal","12/26/2015 16:30","12/26/2015 19:30","03:00"
"Non-Technical Work","12/26/2015 19:30","12/27/2015 00:00","04:30"
"Technical Work","12/27/2015 00:00","12/27/2015 01:00","01:00"
"Sleep","12/27/2015 01:00","12/27/2015 05:30","04:30"
"Travel","12/27/2015 05:30","12/27/2015 18:00","12:30"
"Personal","12/27/2015 18:00","12/27/2015 20:30","02:30"
"Sleep","12/27/2015 20:30","12/28/2015 00:00","03:30"
"Sleep","12/28/2015 00:00","12/28/2015 06:00","06:00"
"Personal","12/28/2015 06:00","12/28/2015 08:00","02:00"
"Meetings","12/28/2015 08:00","12/28/2015 08:30","00:30"
"Technical Work","12/28/2015 08:30","12/28/2015 18:30","10:00"
"Personal","12/28/2015 18:30","12/28/2015 20:00","01:30"
"Technical Work","12/28/2015 20:00","12/29/2015 00:00","04:00"
"Technical Work","12/29/2015 00:00","12/29/2015 01:00","01:00"
"Sleep","12/29/2015 01:00","12/29/2015 06:30","05:30"
"Personal","12/29/2015 06:30","12/29/2015 08:00","01:30"
"Meetings","12/29/2015 08:00","12/29/2015 08:30","00:30"
"Technical Work","12/29/2015 08:30","12/29/2015 18:30","10:00"
"Personal","12/29/2015 18:30","12/29/2015 20:00","01:30"
"Technical Work","12/29/2015 20:00","12/30/2015 00:00","04:00"
"Technical Work","12/30/2015 00:00","12/30/2015 00:30","00:30"
"Sleep","12/30/2015 00:30","12/30/2015 06:30","06:00"
"Personal","12/30/2015 06:30","12/30/2015 08:00","01:30"
"Meetings","12/30/2015 08:00","12/30/2015 08:30","00:30"
"Technical Work","12/30/2015 08:30","12/30/2015 19:45","11:15"
"Personal","12/30/2015 19:45","12/30/2015 20:30","00:45"
"Technical Work","12/30/2015 20:30","12/31/2015 00:00","03:30"
"Technical Work","12/31/2015 00:00","12/31/2015 01:00","01:00"
"Sleep","12/31/2015 01:00","12/31/2015 06:30","05:30"
"Personal","12/31/2015 06:30","12/31/2015 08:00","01:30"
"Meetings","12/31/2015 08:00","12/31/2015 08:30","00:30"
"Technical Work","12/31/2015 08:30","12/31/2015 18:30","10:00"
"Personal","12/31/2015 18:30","12/31/2015 19:45","01:15"
"Technical Work","12/31/2015 19:45","01/01/2016 00:00","04:15"
"Sleep","01/01/2016 00:00","01/01/2016 05:30","05:30"
"Personal","01/01/2016 05:30","01/01/2016 07:00","01:30"
"Technical Work","01/01/2016 07:00","01/01/2016 22:30","15:30"
"Sleep","01/01/2016 22:30","01/02/2016 00:00","01:30"
"Sleep","01/02/2016 00:00","01/02/2016 04:30","04:30"
"Personal","01/02/2016 04:30","01/02/2016 06:30","02:00"
"Technical Work","01/02/2016 06:30","01/02/2016 22:00","15:30"
"Sleep","01/02/2016 22:00","01/03/2016 00:00","02:00"
"Sleep","01/03/2016 00:00","01/03/2016 01:00","01:00"
"Personal","01/03/2016 01:00","01/03/2016 03:00","02:00"
"Sleep","01/03/2016 03:00","01/03/2016 06:00","03:00"
"Personal","01/03/2016 06:00","01/03/2016 08:00","02:00"
"Technical Work","01/03/2016 08:00","01/03/2016 18:15","10:15"
"Personal","01/03/2016 18:15","01/03/2016 19:30","01:15"
"Technical Work","01/03/2016 19:30","01/04/2016 00:00","04:30"
"Technical Work","01/04/2016 00:00","01/04/2016 00:30","00:30"
"Sleep","01/04/2016 00:30","01/04/2016 02:00","01:30"
"Personal","01/04/2016 02:00","01/04/2016 04:00","02:00"
"Sleep","01/04/2016 04:00","01/04/2016 07:00","03:00"
"Personal","01/04/2016 07:00","01/04/2016 08:30","01:30"
"Sleep","01/04/2016 08:30","01/04/2016 09:45","01:15"
"Technical Work","01/04/2016 09:45","01/04/2016 11:00","01:15"
"Meetings","01/04/2016 11:00","01/04/2016 13:30","02:30"
"Technical Work","01/04/2016 13:30","01/04/2016 18:15","04:45"
"Personal","01/04/2016 18:15","01/04/2016 19:30","01:15"
"Technical Work","01/04/2016 19:30","01/05/2016 00:00","04:30"
"Technical Work","01/05/2016 00:00","01/05/2016 00:30","00:30"
"Sleep","01/05/2016 00:30","01/05/2016 05:30","05:00"
"Personal","01/05/2016 05:30","01/05/2016 07:00","01:30"
"Technical Work","01/05/2016 07:00","01/05/2016 18:15","11:15"
"Personal","01/05/2016 18:15","01/05/2016 19:30","01:15"
"Technical Work","01/05/2016 19:30","01/06/2016 00:00","04:30"
"Technical Work","01/06/2016 00:00","01/06/2016 00:30","00:30"
"Sleep","01/06/2016 00:30","01/06/2016 05:30","05:00"
"Personal","01/06/2016 05:30","01/06/2016 07:00","01:30"
"Technical Work","01/06/2016 07:00","01/06/2016 18:15","11:15"
"Personal","01/06/2016 18:15","01/06/2016 19:30","01:15"
"Technical Work","01/06/2016 19:30","01/07/2016 00:00","04:30"
"Technical Work","01/07/2016 00:00","01/07/2016 00:30","00:30"
"Sleep","01/07/2016 00:30","01/07/2016 05:30","05:00"
"Personal","01/07/2016 05:30","01/07/2016 07:00","01:30"
"Technical Work","01/07/2016 07:00","01/07/2016 18:15","11:15"
"Personal","01/07/2016 18:15","01/07/2016 19:30","01:15"
"Technical Work","01/07/2016 19:30","01/08/2016 00:00","04:30"
"Technical Work","01/08/2016 00:00","01/08/2016 00:30","00:30"
"Sleep","01/08/2016 00:30","01/08/2016 05:30","05:00"
"Personal","01/08/2016 05:30","01/08/2016 07:00","01:30"
"Technical Work","01/08/2016 07:00","01/08/2016 18:15","11:15"
"Personal","01/08/2016 18:15","01/08/2016 19:30","01:15"
"Technical Work","01/08/2016 19:30","01/09/2016 00:00","04:30"
"Technical Work","01/09/2016 00:00","01/09/2016 01:00","01:00"
"Sleep","01/09/2016 01:00","01/09/2016 04:30","03:30"
"Personal","01/09/2016 04:30","01/09/2016 08:00","03:30"
"Technical Work","01/09/2016 08:00","01/09/2016 11:30","03:30"
"Personal","01/09/2016 11:30","01/09/2016 12:45","01:15"
"Technical Work","01/09/2016 12:45","01/09/2016 16:15","03:30"
"Personal","01/09/2016 16:15","01/09/2016 19:30","03:15"
"Technical Work","01/09/2016 19:30","01/10/2016 00:00","04:30"
"Technical Work","01/10/2016 00:00","01/10/2016 01:00","01:00"
"Sleep","01/10/2016 01:00","01/10/2016 05:30","04:30"
"Personal","01/10/2016 05:30","01/10/2016 07:00","01:30"
"Technical Work","01/10/2016 07:00","01/10/2016 13:30","06:30"
"Travel","01/10/2016 13:30","01/11/2016 00:00","10:30"
"Travel","01/11/2016 00:00","01/11/2016 02:00","02:00"
"Sleep","01/11/2016 02:00","01/11/2016 04:00","02:00"
"Technical Work","01/11/2016 04:00","01/11/2016 10:00","06:00"
"Meetings","01/11/2016 10:00","01/11/2016 15:30","05:30"
"Technical Work","01/11/2016 15:30","01/11/2016 22:00","06:30"
"Meetings","01/11/2016 22:00","01/12/2016 00:00","02:00"
"Personal","01/12/2016 00:00","01/12/2016 01:00","01:00"
"Sleep","01/12/2016 01:00","01/12/2016 06:00","05:00"
"Technical Work","01/12/2016 06:00","01/12/2016 12:00","06:00"
"Meetings","01/12/2016 12:00","01/12/2016 14:00","02:00"
"Technical Work","01/12/2016 14:00","01/12/2016 18:00","04:00"
"Meetings","01/12/2016 18:00","01/13/2016 00:00","06:00"
"Personal","01/13/2016 00:00","01/13/2016 01:00","01:00"
"Sleep","01/13/2016 01:00","01/13/2016 06:00","05:00"
"Technical Work","01/13/2016 06:00","01/13/2016 12:00","06:00"
"Meetings","01/13/2016 12:00","01/14/2016 00:00","12:00"
"Personal","01/14/2016 00:00","01/14/2016 01:00","01:00"
"Sleep","01/14/2016 01:00","01/14/2016 06:00","05:00"
"Technical Work","01/14/2016 06:00","01/14/2016 12:00","06:00"
"Personal","01/14/2016 12:00","01/14/2016 18:15","06:15"
"Technical Work","01/14/2016 18:15","01/15/2016 00:00","05:45"
"Technical Work","01/15/2016 00:00","01/15/2016 01:00","01:00"
"Sleep","01/15/2016 01:00","01/15/2016 04:00","03:00"
"Personal","01/15/2016 04:00","01/15/2016 09:00","05:00"
"Technical Work","01/15/2016 09:00","01/15/2016 12:30","03:30"
"Meetings","01/15/2016 12:30","01/15/2016 15:00","02:30"
"Non-Technical Work","01/15/2016 15:00","01/15/2016 16:00","01:00"
"Meetings","01/15/2016 16:00","01/15/2016 18:30","02:30"
"Personal","01/15/2016 18:30","01/15/2016 20:00","01:30"
"Technical Work","01/15/2016 20:00","01/16/2016 00:00","04:00"
"Technical Work","01/16/2016 00:00","01/16/2016 01:00","01:00"
"Sleep","01/16/2016 01:00","01/16/2016 05:30","04:30"
"Personal","01/16/2016 05:30","01/16/2016 09:00","03:30"
"Technical Work","01/16/2016 09:00","01/16/2016 12:30","03:30"
"Personal","01/16/2016 12:30","01/16/2016 18:30","06:00"
"Technical Work","01/16/2016 18:30","01/17/2016 00:00","05:30"
"Technical Work","01/17/2016 00:00","01/17/2016 01:00","01:00"
"Sleep","01/17/2016 01:00","01/17/2016 05:30","04:30"
"Personal","01/17/2016 05:30","01/17/2016 09:00","03:30"
"Technical Work","01/17/2016 09:00","01/17/2016 12:15","03:15"
"Personal","01/17/2016 12:15","01/17/2016 19:00","06:45"
"Technical Work","01/17/2016 19:00","01/18/2016 00:00","05:00"
"Technical Work","01/18/2016 00:00","01/18/2016 01:00","01:00"
"Sleep","01/18/2016 01:00","01/18/2016 05:30","04:30"
"Personal","01/18/2016 05:30","01/18/2016 09:00","03:30"
"Personal","01/18/2016 09:00","01/18/2016 12:30","03:30"
"Personal","01/18/2016 12:30","01/18/2016 19:00","06:30"
"Technical Work","01/18/2016 19:00","01/19/2016 00:00","05:00"
"Technical Work","01/19/2016 00:00","01/19/2016 01:00","01:00"
"Sleep","01/19/2016 01:00","01/19/2016 05:30","04:30"
"Technical Work","01/19/2016 05:30","01/19/2016 12:00","06:30"
"Meetings","01/19/2016 12:00","01/19/2016 14:00","02:00"
"Technical Work","01/19/2016 14:00","01/19/2016 17:30","03:30"
"Meetings","01/19/2016 17:30","01/19/2016 19:00","01:30"
"Technical Work","01/19/2016 19:00","01/20/2016 00:00","05:00"
"Technical Work","01/20/2016 00:00","01/20/2016 01:00","01:00"
"Sleep","01/20/2016 01:00","01/20/2016 06:00","05:00"
"Personal","01/20/2016 06:00","01/20/2016 06:30","00:30"
"Technical Work","01/20/2016 06:30","01/20/2016 10:00","03:30"
"Meetings","01/20/2016 10:00","01/20/2016 13:30","03:30"
"Technical Work","01/20/2016 13:30","01/20/2016 17:00","03:30"
"Meetings","01/20/2016 17:00","01/20/2016 23:30","06:30"
"Non-Technical Work","01/20/2016 23:30","01/21/2016 00:00","00:30"
"Sleep","01/21/2016 00:00","01/21/2016 04:00","04:00"
"Personal","01/21/2016 04:00","01/21/2016 05:00","01:00"
"Travel","01/21/2016 05:00","01/21/2016 19:00","14:00"
"Personal","01/21/2016 19:00","01/21/2016 20:00","01:00"
"Non-Technical Work","01/21/2016 20:00","01/22/2016 00:00","04:00"
"Non-Technical Work","01/22/2016 00:00","01/22/2016 00:30","00:30"
"Sleep","01/22/2016 00:30","01/22/2016 05:30","05:00"
"Personal","01/22/2016 05:30","01/22/2016 07:30","02:00"
"Meetings","01/22/2016 07:30","01/22/2016 08:15","00:45"
"Non-Technical Work","01/22/2016 08:15","01/22/2016 11:30","03:15"
"Technical Work","01/22/2016 11:30","01/22/2016 18:30","07:00"
"Personal","01/22/2016 18:30","01/22/2016 20:30","02:00"
"Technical Work","01/22/2016 20:30","01/23/2016 00:00","03:30"
"Technical Work","01/23/2016 00:00","01/23/2016 01:00","01:00"
"Sleep","01/23/2016 01:00","01/23/2016 05:30","04:30"
"Personal","01/23/2016 05:30","01/23/2016 08:00","02:30"
"Technical Work","01/23/2016 08:00","01/23/2016 13:00","05:00"
"Personal","01/23/2016 13:00","01/23/2016 15:00","02:00"
"Technical Work","01/23/2016 15:00","01/23/2016 18:30","03:30"
"Personal","01/23/2016 18:30","01/23/2016 20:30","02:00"
"Technical Work","01/23/2016 20:30","01/24/2016 00:00","03:30"
"Technical Work","01/24/2016 00:00","01/24/2016 01:00","01:00"
"Sleep","01/24/2016 01:00","01/24/2016 05:30","04:30"
"Personal","01/24/2016 05:30","01/24/2016 08:00","02:30"
"Technical Work","01/24/2016 08:00","01/24/2016 18:30","10:30"
"Personal","01/24/2016 18:30","01/24/2016 20:30","02:00"
"Technical Work","01/24/2016 20:30","01/25/2016 00:00","03:30"
"Sleep","01/25/2016 00:00","01/25/2016 06:30","06:30"
"Personal","01/25/2016 06:30","01/25/2016 07:45","01:15"
"Non-Technical Work","01/25/2016 07:45","01/25/2016 16:00","08:15"
"Meeting","01/25/2016 16:00","01/25/2016 17:30","01:30"
"Personal","01/25/2016 17:30","01/25/2016 19:30","02:00"
"Technical Work","01/25/2016 19:30","01/26/2016 00:00","04:30"
"Sleep","01/26/2016 00:00","01/26/2016 06:30","06:30"
"Personal","01/26/2016 06:30","01/26/2016 07:45","01:15"
"Technical Work","01/26/2016 07:45","01/26/2016 17:30","09:45"
"Personal","01/26/2016 17:30","01/26/2016 19:30","02:00"
"Technical Work","01/26/2016 19:30","01/27/2016 00:00","04:30"
"Sleep","01/27/2016 00:00","01/27/2016 06:30","06:30"
"Personal","01/27/2016 06:30","01/27/2016 07:45","01:15"
"Non-Technical Work","01/27/2016 07:45","01/27/2016 10:30","02:45"
"Meeting","01/27/2016 10:30","01/27/2016 11:00","00:30"
"Technical Work","01/27/2016 11:00","01/27/2016 17:30","06:30"
"Personal","01/27/2016 17:30","01/27/2016 19:30","02:00"
"Technical Work","01/27/2016 19:30","01/28/2016 00:00","04:30"
"Sleep","01/28/2016 00:00","01/28/2016 06:45","06:45"
"Personal","01/28/2016 06:45","01/28/2016 07:45","01:00"
"Technical Work","01/28/2016 07:45","01/29/2016 00:00","16:15"
"Sleep","01/29/2016 00:00","01/29/2016 06:30","06:30"
"Personal","01/29/2016 06:30","01/29/2016 07:45","01:15"
"Non-Technical Work","01/29/2016 07:45","01/29/2016 17:30","09:45"
"Personal","01/29/2016 17:30","01/29/2016 19:30","02:00"
"Technical Work","01/29/2016 19:30","01/30/2016 00:00","04:30"
"Technical Work","01/30/2016 00:00","01/30/2016 01:00","01:00"
"Sleep","01/30/2016 01:00","01/30/2016 06:45","05:45"
"Personal","01/30/2016 06:45","01/30/2016 12:00","05:15"
"Technical Work","01/30/2016 12:00","01/30/2016 17:30","05:30"
"Personal","01/30/2016 17:30","01/30/2016 19:00","01:30"
"Non-Technical Work","01/30/2016 19:00","01/30/2016 22:30","03:30"
"Non-Technical Work","01/30/2016 22:30","01/31/2016 00:00","01:30"
"Sleep","01/31/2016 00:00","01/31/2016 06:00","06:00"
"Personal","01/31/2016 06:00","01/31/2016 11:15","05:15"
"Non-Technical Work","01/31/2016 11:15","01/31/2016 17:30","06:15"
"Personal","01/31/2016 17:30","01/31/2016 19:00","01:30"
"Meeting","01/31/2016 19:00","01/31/2016 22:30","03:30"
"Non-Technical Work","01/31/2016 22:30","02/01/2016 00:00","01:30"
