Activity,Start,End,Duration,Date
Sleep,11/2/15 0:00,11/2/15 4:30,4.5,11/2/15
Personal,11/2/15 4:30,11/2/15 5:30,1.0,11/2/15
Non-Technical Work,11/2/15 5:30,11/2/15 8:00,2.5,11/2/15
Discussion,11/2/15 8:00,11/2/15 14:30,6.5,11/2/15
Non-Technical Work,11/2/15 14:30,11/2/15 16:00,1.5,11/2/15
Discussion,11/2/15 16:00,11/2/15 22:30,6.5,11/2/15
Non-Technical Work,11/2/15 22:30,11/3/15 0:00,1.5,11/2/15
Sleep,11/3/15 0:00,11/3/15 4:30,4.5,11/3/15
Personal,11/3/15 4:30,11/3/15 5:30,1.0,11/3/15
Non-Technical Work,11/3/15 5:30,11/3/15 19:00,13.5,11/3/15
Discussion,11/3/15 19:00,11/3/15 23:30,4.5,11/3/15
Sleep,11/3/15 23:30,11/4/15 0:00,0.5,11/3/15
Sleep,11/4/15 0:00,11/4/15 5:30,5.5,11/4/15
Non-Technical Work,11/4/15 5:30,11/4/15 8:00,2.5,11/4/15
Discussion,11/4/15 8:00,11/4/15 10:00,2.0,11/4/15
Non-Technical Work,11/4/15 10:00,11/4/15 11:00,1.0,11/4/15
Discussion,11/4/15 11:00,11/4/15 21:30,10.5,11/4/15
Discussion,11/4/15 21:30,11/4/15 23:00,1.5,11/4/15
Sleep,11/4/15 23:00,11/5/15 0:00,1.0,11/4/15
Sleep,11/5/15 0:00,11/5/15 4:30,4.5,11/5/15
Personal,11/5/15 4:30,11/5/15 5:30,1.0,11/5/15
Non-Technical Work,11/5/15 5:30,11/5/15 8:00,2.5,11/5/15
Discussion,11/5/15 8:00,11/5/15 9:00,1.0,11/5/15
Non-Technical Work,11/5/15 9:00,11/5/15 11:00,2.0,11/5/15
Discussion,11/5/15 11:00,11/5/15 15:30,4.5,11/5/15
Technical Work,11/5/15 15:30,11/5/15 16:00,0.5,11/5/15
Non-Technical Work,11/5/15 16:00,11/5/15 17:00,1.0,11/5/15
Discussion,11/5/15 17:00,11/5/15 18:30,1.5,11/5/15
Discussion,11/5/15 18:30,11/5/15 23:00,4.5,11/5/15
Sleep,11/5/15 23:00,11/6/15 0:00,1.0,11/5/15
Sleep,11/6/15 0:00,11/6/15 4:30,4.5,11/6/15
Exercise,11/6/15 4:30,11/6/15 6:00,1.5,11/6/15
Personal,11/6/15 6:00,11/6/15 7:00,1.0,11/6/15
Non-Technical Work,11/6/15 7:00,11/6/15 8:00,1.0,11/6/15
Discussion,11/6/15 8:00,11/6/15 15:30,7.5,11/6/15
Non-Technical Work,11/6/15 15:30,11/6/15 18:00,2.5,11/6/15
Discussion,11/6/15 18:00,11/6/15 23:00,5.0,11/6/15
Personal,11/6/15 23:00,11/6/15 23:30,0.5,11/6/15
Sleep,11/6/15 23:30,11/7/15 0:00,0.5,11/6/15
Sleep,11/7/15 0:00,11/7/15 5:00,5.0,11/7/15
Personal,11/7/15 5:00,11/7/15 5:30,0.5,11/7/15
Non-Technical Work,11/7/15 5:30,11/7/15 18:00,12.5,11/7/15
Discussion,11/7/15 18:00,11/7/15 22:15,4.25,11/7/15
Personal,11/7/15 22:15,11/7/15 22:45,0.5,11/7/15
Sleep,11/7/15 22:45,11/8/15 0:00,1.25,11/7/15
Sleep,11/8/15 0:00,11/8/15 5:00,5.0,11/8/15
Non-Technical Work,11/8/15 5:00,11/8/15 20:00,15.0,11/8/15
Discussion,11/8/15 20:00,11/8/15 22:45,2.75,11/8/15
Personal,11/8/15 22:45,11/8/15 23:15,0.5,11/8/15
Sleep,11/8/15 23:15,11/9/15 0:00,0.75,11/8/15
Sleep,11/9/15 0:00,11/9/15 4:45,4.75,11/9/15
Personal,11/9/15 4:45,11/9/15 5:30,0.75,11/9/15
Non-Technical Work,11/9/15 5:30,11/9/15 8:00,2.5,11/9/15
Discussion,11/9/15 8:00,11/9/15 10:00,2.0,11/9/15
Non-Technical Work,11/9/15 10:00,11/9/15 11:30,1.5,11/9/15
Discussion,11/9/15 11:30,11/9/15 13:15,1.75,11/9/15
Non-Technical Work,11/9/15 13:15,11/9/15 13:45,0.5,11/9/15
Discussion,11/9/15 13:45,11/9/15 16:00,2.25,11/9/15
Non-Technical Work,11/9/15 16:00,11/9/15 20:00,4.0,11/9/15
Discussion,11/9/15 20:00,11/9/15 22:00,2.0,11/9/15
Personal,11/9/15 22:00,11/9/15 22:30,0.5,11/9/15
Sleep,11/9/15 22:30,11/10/15 0:00,1.5,11/9/15
Sleep,11/10/15 0:00,11/10/15 5:45,5.75,11/10/15
Non-Technical Work,11/10/15 5:45,11/10/15 8:00,2.25,11/10/15
Discussion,11/10/15 8:00,11/10/15 8:15,0.25,11/10/15
Non-Technical Work,11/10/15 8:15,11/10/15 10:00,1.75,11/10/15
Non-Technical Work,11/10/15 10:00,11/10/15 11:30,1.5,11/10/15
Discussion,11/10/15 11:30,11/10/15 16:00,4.5,11/10/15
Discussion,11/10/15 16:00,11/10/15 17:45,1.75,11/10/15
Non-Technical Work,11/10/15 17:45,11/10/15 19:30,1.75,11/10/15
Discussion,11/10/15 19:30,11/10/15 21:30,2.0,11/10/15
Personal,11/10/15 21:30,11/10/15 22:45,1.25,11/10/15
Sleep,11/10/15 22:45,11/11/15 0:00,1.25,11/10/15
Sleep,11/11/15 0:00,11/11/15 5:00,5.0,11/11/15
Non-Technical Work,11/11/15 5:00,11/11/15 8:00,3.0,11/11/15
Discussion,11/11/15 8:00,11/11/15 10:30,2.5,11/11/15
Non-Technical Work,11/11/15 10:30,11/11/15 16:00,5.5,11/11/15
Discussion,11/11/15 16:00,11/11/15 17:30,1.5,11/11/15
Non-Technical Work,11/11/15 17:30,11/11/15 19:30,2.0,11/11/15
Discussion,11/11/15 19:30,11/11/15 23:00,3.5,11/11/15
Personal,11/11/15 23:00,11/11/15 23:30,0.5,11/11/15
Sleep,11/11/15 23:30,11/12/15 0:00,0.5,11/11/15
Sleep,11/12/15 0:00,11/12/15 4:45,4.75,11/12/15
Personal,11/12/15 4:45,11/12/15 5:30,0.75,11/12/15
Non-Technical Work,11/12/15 5:30,11/12/15 8:00,2.5,11/12/15
Discussion,11/12/15 8:00,11/12/15 9:30,1.5,11/12/15
Non-Technical Work,11/12/15 9:30,11/12/15 14:15,4.75,11/12/15
Discussion,11/12/15 14:15,11/12/15 14:45,0.5,11/12/15
Non-Technical Work,11/12/15 14:45,11/12/15 15:30,0.75,11/12/15
Discussion,11/12/15 15:30,11/12/15 21:00,5.5,11/12/15
Personal,11/12/15 21:00,11/12/15 22:45,1.75,11/12/15
Personal,11/12/15 22:45,11/12/15 23:15,0.5,11/12/15
Sleep,11/12/15 23:15,11/13/15 0:00,0.75,11/12/15
Sleep,11/13/15 0:00,11/13/15 5:00,5.0,11/13/15
Non-Technical Work,11/13/15 5:00,11/13/15 8:00,3.0,11/13/15
Discussion,11/13/15 8:00,11/13/15 8:30,0.5,11/13/15
Non-Technical Work,11/13/15 8:30,11/13/15 9:00,0.5,11/13/15
Discussion,11/13/15 9:00,11/13/15 10:15,1.25,11/13/15
Non-Technical Work,11/13/15 10:15,11/13/15 12:15,2.0,11/13/15
Discussion,11/13/15 12:15,11/13/15 12:45,0.5,11/13/15
Non-Technical Work,11/13/15 12:45,11/13/15 13:15,0.5,11/13/15
Travel,11/13/15 13:15,11/13/15 13:45,0.5,11/13/15
Non-Technical Work,11/13/15 13:45,11/13/15 15:30,1.75,11/13/15
Travel,11/13/15 15:30,11/13/15 19:30,4.0,11/13/15
Personal,11/13/15 19:30,11/13/15 23:15,3.75,11/13/15
Sleep,11/13/15 23:15,11/14/15 0:00,0.75,11/13/15
Sleep,11/14/15 0:00,11/14/15 8:00,8.0,11/14/15
Non-Technical Work,11/14/15 8:00,11/14/15 11:00,3.0,11/14/15
Personal,11/14/15 11:00,11/14/15 22:45,11.75,11/14/15
Personal,11/14/15 22:45,11/14/15 23:15,0.5,11/14/15
Sleep,11/14/15 23:15,11/15/15 0:00,0.75,11/14/15
Sleep,11/15/15 0:00,11/15/15 6:30,6.5,11/15/15
Non-Technical Work,11/15/15 6:30,11/15/15 8:15,1.75,11/15/15
Personal,11/15/15 8:15,11/15/15 13:00,4.75,11/15/15
Non-Technical Work,11/15/15 13:00,11/15/15 18:00,5.0,11/15/15
Personal,11/15/15 18:00,11/15/15 22:45,4.75,11/15/15
Personal,11/15/15 22:45,11/15/15 23:15,0.5,11/15/15
Sleep,11/15/15 23:15,11/16/15 0:00,0.75,11/15/15
Sleep,11/16/15 0:00,11/16/15 5:00,5.0,11/16/15
Non-Technical Work,11/16/15 5:00,11/16/15 7:00,2.0,11/16/15
Personal,11/16/15 7:00,11/16/15 13:00,6.0,11/16/15
Non-Technical Work,11/16/15 13:00,11/16/15 18:00,5.0,11/16/15
Personal,11/16/15 18:00,11/16/15 22:45,4.75,11/16/15
Sleep,11/16/15 22:45,11/16/15 23:30,0.75,11/16/15
Travel,11/16/15 23:30,11/17/15 0:00,0.5,11/16/15
Travel,11/17/15 0:00,11/17/15 6:15,6.25,11/17/15
Non-Technical Work,11/17/15 6:15,11/17/15 9:45,3.5,11/17/15
Travel,11/17/15 9:45,11/17/15 10:00,0.25,11/17/15
Non-Technical Work,11/17/15 10:00,11/17/15 11:00,1.0,11/17/15
Travel,11/17/15 11:00,11/17/15 11:30,0.5,11/17/15
Discussion,11/17/15 11:30,11/17/15 12:45,1.25,11/17/15
Non-Technical Work,11/17/15 12:45,11/17/15 14:00,1.25,11/17/15
Discussion,11/17/15 14:00,11/17/15 14:15,0.25,11/17/15
Non-Technical Work,11/17/15 14:15,11/17/15 16:00,1.75,11/17/15
Discussion,11/17/15 16:00,11/17/15 22:00,6.0,11/17/15
Personal,11/17/15 22:00,11/17/15 23:00,1.0,11/17/15
Sleep,11/17/15 23:00,11/18/15 0:00,1.0,11/17/15
Sleep,11/18/15 0:00,11/18/15 5:00,5.0,11/18/15
Non-Technical Work,11/18/15 5:00,11/18/15 8:00,3.0,11/18/15
Discussion,11/18/15 8:00,11/18/15 8:15,0.25,11/18/15
Non-Technical Work,11/18/15 8:15,11/18/15 10:00,1.75,11/18/15
Discussion,11/18/15 10:00,11/18/15 11:00,1.0,11/18/15
Non-Technical Work,11/18/15 11:00,11/18/15 12:45,1.75,11/18/15
Discussion,11/18/15 12:45,11/18/15 13:15,0.5,11/18/15
Non-Technical Work,11/18/15 13:15,11/18/15 14:00,0.75,11/18/15
Discussion,11/18/15 14:00,11/18/15 22:00,8.0,11/18/15
Personal,11/18/15 22:00,11/18/15 23:00,1.0,11/18/15
Sleep,11/18/15 23:00,11/19/15 0:00,1.0,11/18/15
Sleep,11/19/15 0:00,11/19/15 5:00,5.0,11/19/15
Non-Technical Work,11/19/15 5:00,11/19/15 8:00,3.0,11/19/15
Discussion,11/19/15 8:00,11/19/15 8:15,0.25,11/19/15
Non-Technical Work,11/19/15 8:15,11/19/15 9:00,0.75,11/19/15
Discussion,11/19/15 9:00,11/19/15 9:15,0.25,11/19/15
Non-Technical Work,11/19/15 9:15,11/19/15 10:00,0.75,11/19/15
Discussion,11/19/15 10:00,11/19/15 11:00,1.0,11/19/15
Non-Technical Work,11/19/15 11:00,11/19/15 13:45,2.75,11/19/15
Discussion,11/19/15 13:45,11/19/15 15:15,1.5,11/19/15
Non-Technical Work,11/19/15 15:15,11/19/15 17:00,1.75,11/19/15
Discussion,11/19/15 17:00,11/20/15 0:00,7.0,11/19/15
Sleep,11/20/15 0:00,11/20/15 5:00,5.0,11/20/15
Non-Technical Work,11/20/15 5:00,11/20/15 8:00,3.0,11/20/15
Discussion,11/20/15 8:00,11/20/15 9:00,1.0,11/20/15
Non-Technical Work,11/20/15 9:00,11/20/15 11:00,2.0,11/20/15
Discussion,11/20/15 11:00,11/20/15 12:00,1.0,11/20/15
Non-Technical Work,11/20/15 12:00,11/20/15 16:30,4.5,11/20/15
Discussion,11/20/15 16:30,11/20/15 18:30,2.0,11/20/15
Non-Technical Work,11/20/15 18:30,11/20/15 21:00,2.5,11/20/15
Sleep,11/20/15 21:00,11/20/15 22:30,1.5,11/20/15
Travel,11/20/15 22:30,11/21/15 0:00,1.5,11/20/15
Travel,11/21/15 0:00,11/21/15 2:30,2.5,11/21/15
Personal,11/21/15 2:30,11/21/15 3:00,0.5,11/21/15
Sleep,11/21/15 3:00,11/21/15 6:30,3.5,11/21/15
Personal,11/21/15 6:30,11/21/15 9:00,2.5,11/21/15
Non-Technical Work,11/21/15 9:00,11/21/15 13:00,4.0,11/21/15
Sleep,11/21/15 13:00,11/21/15 15:00,2.0,11/21/15
Personal,11/21/15 15:00,11/21/15 19:00,4.0,11/21/15
Non-Technical Work,11/21/15 19:00,11/21/15 23:30,4.5,11/21/15
Sleep,11/21/15 23:30,11/22/15 0:00,0.5,11/21/15
Sleep,11/22/15 0:00,11/22/15 5:00,5.0,11/22/15
Non-Technical Work,11/22/15 5:00,11/22/15 8:00,3.0,11/22/15
Discussion,11/22/15 8:00,11/22/15 8:15,0.25,11/22/15
Non-Technical Work,11/22/15 8:15,11/22/15 18:00,9.75,11/22/15
Personal,11/22/15 18:00,11/22/15 20:30,2.5,11/22/15
Non-Technical Work,11/22/15 20:30,11/23/15 0:00,3.5,11/22/15
Personal,11/23/15 0:00,11/23/15 0:30,0.5,11/23/15
Sleep,11/23/15 0:30,11/23/15 5:00,4.5,11/23/15
Non-Technical Work,11/23/15 5:00,11/23/15 8:00,3.0,11/23/15
Discussion,11/23/15 8:00,11/23/15 9:00,1.0,11/23/15
Non-Technical Work,11/23/15 9:00,11/23/15 10:30,1.5,11/23/15
Discussion,11/23/15 10:30,11/23/15 11:30,1.0,11/23/15
Non-Technical Work,11/23/15 11:30,11/23/15 19:00,7.5,11/23/15
Personal,11/23/15 19:00,11/23/15 20:30,1.5,11/23/15
Non-Technical Work,11/23/15 20:30,11/24/15 0:00,3.5,11/23/15
Personal,11/24/15 0:00,11/24/15 0:30,0.5,11/24/15
Sleep,11/24/15 0:30,11/24/15 7:00,6.5,11/24/15
Non-Technical Work,11/24/15 7:00,11/24/15 7:30,0.5,11/24/15
Personal,11/24/15 7:30,11/24/15 8:00,0.5,11/24/15
Discussion,11/24/15 8:00,11/24/15 9:00,1.0,11/24/15
Non-Technical Work,11/24/15 9:00,11/24/15 11:30,2.5,11/24/15
Discussion,11/24/15 11:30,11/24/15 12:30,1.0,11/24/15
Non-Technical Work,11/24/15 12:30,11/24/15 19:00,6.5,11/24/15
Personal,11/24/15 19:00,11/24/15 20:30,1.5,11/24/15
Non-Technical Work,11/24/15 20:30,11/25/15 0:00,3.5,11/24/15
Personal,11/25/15 0:00,11/25/15 0:30,0.5,11/25/15
Sleep,11/25/15 0:30,11/25/15 5:00,4.5,11/25/15
Non-Technical Work,11/25/15 5:00,11/25/15 8:00,3.0,11/25/15
Discussion,11/25/15 8:00,11/25/15 9:00,1.0,11/25/15
Non-Technical Work,11/25/15 9:00,11/25/15 10:30,1.5,11/25/15
Discussion,11/25/15 10:30,11/25/15 13:00,2.5,11/25/15
Non-Technical Work,11/25/15 13:00,11/25/15 15:30,2.5,11/25/15
Personal,11/25/15 15:30,11/25/15 16:15,0.75,11/25/15
Non-Technical Work,11/25/15 16:15,11/25/15 19:00,2.75,11/25/15
Personal,11/25/15 19:00,11/25/15 21:30,2.5,11/25/15
Non-Technical Work,11/25/15 21:30,11/26/15 0:00,2.5,11/25/15
Non-Technical Work,11/26/15 0:00,11/26/15 0:30,0.5,11/26/15
Personal,11/26/15 0:30,11/26/15 1:00,0.5,11/26/15
Sleep,11/26/15 1:00,11/26/15 5:00,4.0,11/26/15
Non-Technical Work,11/26/15 5:00,11/26/15 8:00,3.0,11/26/15
Discussion,11/26/15 8:00,11/26/15 9:00,1.0,11/26/15
Non-Technical Work,11/26/15 9:00,11/26/15 10:00,1.0,11/26/15
Exercise,11/26/15 10:00,11/26/15 12:00,2.0,11/26/15
Technical Work,11/26/15 12:00,11/26/15 14:15,2.25,11/26/15
Non-Technical Work,11/26/15 14:15,11/26/15 16:00,1.75,11/26/15
Personal,11/26/15 16:00,11/26/15 18:45,2.75,11/26/15
Non-Technical Work,11/26/15 18:45,11/26/15 21:30,2.75,11/26/15
Technical Work,11/26/15 21:30,11/27/15 0:00,2.5,11/26/15
Sleep,11/27/15 0:00,11/27/15 5:30,5.5,11/27/15
Non-Technical Work,11/27/15 5:30,11/27/15 8:00,2.5,11/27/15
Discussion,11/27/15 8:00,11/27/15 9:00,1.0,11/27/15
Non-Technical Work,11/27/15 9:00,11/27/15 10:30,1.5,11/27/15
Discussion,11/27/15 10:30,11/27/15 11:30,1.0,11/27/15
Non-Technical Work,11/27/15 11:30,11/27/15 19:00,7.5,11/27/15
Personal,11/27/15 19:00,11/27/15 21:30,2.5,11/27/15
Non-Technical Work,11/27/15 21:30,11/28/15 0:00,2.5,11/27/15
Non-Technical Work,11/28/15 0:00,11/28/15 1:30,1.5,11/28/15
Sleep,11/28/15 1:30,11/28/15 6:30,5.0,11/28/15
Personal,11/28/15 6:30,11/28/15 9:00,2.5,11/28/15
Non-Technical Work,11/28/15 9:00,11/28/15 17:15,8.25,11/28/15
Personal,11/28/15 17:15,11/28/15 19:45,2.5,11/28/15
Non-Technical Work,11/28/15 19:45,11/29/15 0:00,4.25,11/28/15
Non-Technical Work,11/29/15 0:00,11/29/15 0:45,0.75,11/29/15
Sleep,11/29/15 0:45,11/29/15 7:30,6.75,11/29/15
Personal,11/29/15 7:30,11/29/15 9:15,1.75,11/29/15
Non-Technical Work,11/29/15 9:15,11/29/15 14:00,4.75,11/29/15
Personal,11/29/15 14:00,11/29/15 16:30,2.5,11/29/15
Non-Technical Work,11/29/15 16:30,11/29/15 18:30,2.0,11/29/15
Personal,11/29/15 18:30,11/29/15 20:15,1.75,11/29/15
Non-Technical Work,11/29/15 20:15,11/30/15 0:00,3.75,11/29/15
Sleep,11/30/15 0:00,11/30/15 6:00,6.0,11/30/15
Non-Technical Work,11/30/15 6:00,11/30/15 8:00,2.0,11/30/15
Discussion,11/30/15 8:00,11/30/15 9:00,1.0,11/30/15
Non-Technical Work,11/30/15 9:00,11/30/15 10:30,1.5,11/30/15
Discussion,11/30/15 10:30,11/30/15 11:30,1.0,11/30/15
Non-Technical Work,11/30/15 11:30,11/30/15 18:30,7.0,11/30/15
Personal,11/30/15 18:30,11/30/15 20:30,2.0,11/30/15
Non-Technical Work,11/30/15 20:30,12/1/15 0:00,3.5,11/30/15
Non-Technical Work,12/1/15 0:00,12/1/15 0:30,0.5,12/1/15
Sleep,12/1/15 0:30,12/1/15 5:30,5.0,12/1/15
Personal,12/1/15 5:30,12/1/15 6:15,0.75,12/1/15
Non-Technical Work,12/1/15 6:15,12/1/15 8:00,1.75,12/1/15
Discussion,12/1/15 8:00,12/1/15 8:30,0.5,12/1/15
Non-Technical Work,12/1/15 8:30,12/1/15 9:00,0.5,12/1/15
Discussion,12/1/15 9:00,12/1/15 9:45,0.75,12/1/15
Non-Technical Work,12/1/15 9:45,12/1/15 10:30,0.75,12/1/15
Discussion,12/1/15 10:30,12/1/15 11:30,1.0,12/1/15
Non-Technical Work,12/1/15 11:30,12/1/15 18:30,7.0,12/1/15
Personal,12/1/15 18:30,12/1/15 20:30,2.0,12/1/15
Non-Technical Work,12/1/15 20:30,12/2/15 0:00,3.5,12/1/15
Personal,12/2/15 0:00,12/2/15 0:30,0.5,12/2/15
Sleep,12/2/15 0:30,12/2/15 5:30,5.0,12/2/15
Personal,12/2/15 5:30,12/2/15 6:15,0.75,12/2/15
Non-Technical Work,12/2/15 6:15,12/2/15 8:00,1.75,12/2/15
Discussion,12/2/15 8:00,12/2/15 8:30,0.5,12/2/15
Non-Technical Work,12/2/15 8:30,12/2/15 10:30,2.0,12/2/15
Discussion,12/2/15 10:30,12/2/15 11:00,0.5,12/2/15
Non-Technical Work,12/2/15 11:00,12/2/15 18:30,7.5,12/2/15
Personal,12/2/15 18:30,12/2/15 20:30,2.0,12/2/15
Non-Technical Work,12/2/15 20:30,12/3/15 0:00,3.5,12/2/15
Personal,12/3/15 0:00,12/3/15 0:30,0.5,12/3/15
Sleep,12/3/15 0:30,12/3/15 6:15,5.75,12/3/15
Personal,12/3/15 6:15,12/3/15 8:00,1.75,12/3/15
Discussion,12/3/15 8:00,12/3/15 8:30,0.5,12/3/15
Non-Technical Work,12/3/15 8:30,12/3/15 13:00,4.5,12/3/15
Technical Work,12/3/15 13:00,12/3/15 18:30,5.5,12/3/15
Personal,12/3/15 18:30,12/3/15 20:30,2.0,12/3/15
Technical Work,12/3/15 20:30,12/4/15 0:00,3.5,12/3/15
Technical Work,12/4/15 0:00,12/4/15 0:30,0.5,12/4/15
Personal,12/4/15 0:30,12/4/15 1:00,0.5,12/4/15
Sleep,12/4/15 1:00,12/4/15 6:30,5.5,12/4/15
Personal,12/4/15 6:30,12/4/15 8:00,1.5,12/4/15
Discussion,12/4/15 8:00,12/4/15 8:30,0.5,12/4/15
Non-Technical Work,12/4/15 8:30,12/4/15 10:30,2.0,12/4/15
Discussion,12/4/15 10:30,12/4/15 11:00,0.5,12/4/15
Technical Work,12/4/15 11:00,12/4/15 19:00,8.0,12/4/15
Personal,12/4/15 19:00,12/4/15 21:00,2.0,12/4/15
Technical Work,12/4/15 21:00,12/5/15 0:00,3.0,12/4/15
Personal,12/5/15 0:00,12/5/15 0:30,0.5,12/5/15
Sleep,12/5/15 0:30,12/5/15 6:00,5.5,12/5/15
Personal,12/5/15 6:00,12/5/15 9:00,3.0,12/5/15
Technical Work,12/5/15 9:00,12/5/15 12:00,3.0,12/5/15
Personal,12/5/15 12:00,12/5/15 15:00,3.0,12/5/15
Technical Work,12/5/15 15:00,12/5/15 18:45,3.75,12/5/15
Personal,12/5/15 18:45,12/5/15 20:45,2.0,12/5/15
Technical Work,12/5/15 20:45,12/6/15 0:00,3.25,12/5/15
Personal,12/6/15 0:00,12/6/15 0:30,0.5,12/6/15
Sleep,12/6/15 0:30,12/6/15 6:00,5.5,12/6/15
Personal,12/6/15 6:00,12/6/15 12:00,6.0,12/6/15
Technical Work,12/6/15 12:00,12/6/15 19:30,7.5,12/6/15
Personal,12/6/15 19:30,12/6/15 22:00,2.5,12/6/15
Sleep,12/6/15 22:00,12/7/15 0:00,2.0,12/6/15
Sleep,12/7/15 0:00,12/7/15 2:00,2.0,12/7/15
Travel,12/7/15 2:00,12/7/15 14:30,12.5,12/7/15
Discussion,12/7/15 14:30,12/7/15 22:30,8.0,12/7/15
Sleep,12/7/15 22:30,12/8/15 0:00,1.5,12/7/15
Sleep,12/8/15 0:00,12/8/15 6:00,6.0,12/8/15
Personal,12/8/15 6:00,12/8/15 6:45,0.75,12/8/15
Non-Technical Work,12/8/15 6:45,12/8/15 8:00,1.25,12/8/15
Discussion,12/8/15 8:00,12/9/15 0:00,16.0,12/8/15
Sleep,12/9/15 0:00,12/9/15 6:30,6.5,12/9/15
Personal,12/9/15 6:30,12/9/15 7:00,0.5,12/9/15
Non-Technical Work,12/9/15 7:00,12/9/15 8:00,1.0,12/9/15
Discussion,12/9/15 8:00,12/9/15 8:30,0.5,12/9/15
Non-Technical Work,12/9/15 8:30,12/9/15 10:30,2.0,12/9/15
Discussion,12/9/15 10:30,12/9/15 18:00,7.5,12/9/15
Non-Technical Work,12/9/15 18:00,12/9/15 20:00,2.0,12/9/15
Discussion,12/9/15 20:00,12/10/15 0:00,4.0,12/9/15
Discussion,12/10/15 0:00,12/10/15 1:00,1.0,12/10/15
Sleep,12/10/15 1:00,12/10/15 7:30,6.5,12/10/15
Personal,12/10/15 7:30,12/10/15 8:00,0.5,12/10/15
Discussion,12/10/15 8:00,12/10/15 8:30,0.5,12/10/15
Non-Technical Work,12/10/15 8:30,12/10/15 11:00,2.5,12/10/15
Discussion,12/10/15 11:00,12/10/15 12:30,1.5,12/10/15
Non-Technical Work,12/10/15 12:30,12/10/15 16:30,4.0,12/10/15
Discussion,12/10/15 16:30,12/11/15 0:00,7.5,12/10/15
Discussion,12/11/15 0:00,12/11/15 0:30,0.5,12/11/15
Sleep,12/11/15 0:30,12/11/15 7:00,6.5,12/11/15
Personal,12/11/15 7:00,12/11/15 8:00,1.0,12/11/15
Discussion,12/11/15 8:00,12/11/15 8:30,0.5,12/11/15
Non-Technical Work,12/11/15 8:30,12/11/15 11:30,3.0,12/11/15
Travel,12/11/15 11:30,12/12/15 0:00,12.5,12/11/15
Sleep,12/12/15 0:00,12/12/15 7:45,7.75,12/12/15
Personal,12/12/15 7:45,12/12/15 10:45,3.0,12/12/15
Non-Technical Work,12/12/15 10:45,12/12/15 15:30,4.75,12/12/15
Personal,12/12/15 15:30,12/12/15 19:30,4.0,12/12/15
Non-Technical Work,12/12/15 19:30,12/13/15 0:00,4.5,12/12/15
Technical Work,12/13/15 0:00,12/13/15 0:30,0.5,12/13/15
Sleep,12/13/15 0:30,12/13/15 6:30,6.0,12/13/15
Personal,12/13/15 6:30,12/13/15 9:00,2.5,12/13/15
Non-Technical Work,12/13/15 9:00,12/13/15 15:15,6.25,12/13/15
Personal,12/13/15 15:15,12/13/15 17:45,2.5,12/13/15
Non-Technical Work,12/13/15 17:45,12/13/15 20:00,2.25,12/13/15
Personal,12/13/15 20:00,12/13/15 21:00,1.0,12/13/15
Discussion,12/13/15 21:00,12/13/15 21:30,0.5,12/13/15
Technical Work,12/13/15 21:30,12/14/15 0:00,2.5,12/13/15
Technical Work,12/14/15 0:00,12/14/15 0:30,0.5,12/14/15
Sleep,12/14/15 0:30,12/14/15 6:30,6.0,12/14/15
Personal,12/14/15 6:30,12/14/15 8:00,1.5,12/14/15
Discussion,12/14/15 8:00,12/14/15 8:30,0.5,12/14/15
Technical Work,12/14/15 8:30,12/14/15 18:30,10.0,12/14/15
Personal,12/14/15 18:30,12/14/15 21:00,2.5,12/14/15
Discussion,12/14/15 21:00,12/14/15 21:30,0.5,12/14/15
Technical Work,12/14/15 21:30,12/15/15 0:00,2.5,12/14/15
Sleep,12/15/15 0:00,12/15/15 5:30,5.5,12/15/15
Personal,12/15/15 5:30,12/15/15 7:00,1.5,12/15/15
Non-Technical Work,12/15/15 7:00,12/15/15 8:00,1.0,12/15/15
Discussion,12/15/15 8:00,12/15/15 8:30,0.5,12/15/15
Technical Work,12/15/15 8:30,12/15/15 19:00,10.5,12/15/15
Personal,12/15/15 19:00,12/15/15 21:00,2.0,12/15/15
Discussion,12/15/15 21:00,12/15/15 21:30,0.5,12/15/15
Technical Work,12/15/15 21:30,12/16/15 0:00,2.5,12/15/15
Sleep,12/16/15 0:00,12/16/15 6:00,6.0,12/16/15
Personal,12/16/15 6:00,12/16/15 8:00,2.0,12/16/15
Discussion,12/16/15 8:00,12/16/15 8:30,0.5,12/16/15
Technical Work,12/16/15 8:30,12/16/15 19:30,11.0,12/16/15
Personal,12/16/15 19:30,12/16/15 21:00,1.5,12/16/15
Discussion,12/16/15 21:00,12/16/15 21:30,0.5,12/16/15
Technical Work,12/16/15 21:30,12/17/15 0:00,2.5,12/16/15
Technical Work,12/17/15 0:00,12/17/15 1:00,1.0,12/17/15
Sleep,12/17/15 1:00,12/17/15 5:30,4.5,12/17/15
Personal,12/17/15 5:30,12/17/15 7:45,2.25,12/17/15
Discussion,12/17/15 7:45,12/17/15 8:30,0.75,12/17/15
Technical Work,12/17/15 8:30,12/17/15 19:30,11.0,12/17/15
Personal,12/17/15 19:30,12/18/15 0:00,4.5,12/17/15
Sleep,12/18/15 0:00,12/18/15 7:45,7.75,12/18/15
Discussion,12/18/15 7:45,12/18/15 8:30,0.75,12/18/15
Personal,12/18/15 8:30,12/18/15 20:30,12.0,12/18/15
Sleep,12/18/15 20:30,12/19/15 0:00,3.5,12/18/15
Sleep,12/19/15 0:00,12/19/15 0:30,0.5,12/19/15
Travel,12/19/15 0:30,12/19/15 14:00,13.5,12/19/15
Personal,12/19/15 14:00,12/19/15 19:30,5.5,12/19/15
Technical Work,12/19/15 19:30,12/20/15 0:00,4.5,12/19/15
Technical Work,12/20/15 0:00,12/20/15 1:30,1.5,12/20/15
Sleep,12/20/15 1:30,12/20/15 5:30,4.0,12/20/15
Personal,12/20/15 5:30,12/20/15 13:00,7.5,12/20/15
Technical Work,12/20/15 13:00,12/20/15 15:00,2.0,12/20/15
Personal,12/20/15 15:00,12/20/15 22:30,7.5,12/20/15
Technical Work,12/20/15 22:30,12/21/15 0:00,1.5,12/20/15
Technical Work,12/21/15 0:00,12/21/15 1:00,1.0,12/21/15
Sleep,12/21/15 1:00,12/21/15 5:15,4.25,12/21/15
Personal,12/21/15 5:15,12/21/15 8:00,2.75,12/21/15
Discussion,12/21/15 8:00,12/21/15 8:45,0.75,12/21/15
Personal,12/21/15 8:45,12/21/15 13:00,4.25,12/21/15
Non-Technical Work,12/21/15 13:00,12/21/15 14:30,1.5,12/21/15
Personal,12/21/15 14:30,12/21/15 22:30,8.0,12/21/15
Technical Work,12/21/15 22:30,12/22/15 0:00,1.5,12/21/15
Technical Work,12/22/15 0:00,12/22/15 1:00,1.0,12/22/15
Sleep,12/22/15 1:00,12/22/15 7:00,6.0,12/22/15
Personal,12/22/15 7:00,12/22/15 8:00,1.0,12/22/15
Discussion,12/22/15 8:00,12/22/15 8:45,0.75,12/22/15
Technical Work,12/22/15 8:45,12/22/15 11:00,2.25,12/22/15
Personal,12/22/15 11:00,12/22/15 15:30,4.5,12/22/15
Technical Work,12/22/15 15:30,12/22/15 19:00,3.5,12/22/15
Personal,12/22/15 19:00,12/22/15 20:30,1.5,12/22/15
Technical Work,12/22/15 20:30,12/23/15 0:00,3.5,12/22/15
Technical Work,12/23/15 0:00,12/23/15 1:00,1.0,12/23/15
Sleep,12/23/15 1:00,12/23/15 7:00,6.0,12/23/15
Personal,12/23/15 7:00,12/23/15 8:00,1.0,12/23/15
Discussion,12/23/15 8:00,12/23/15 8:45,0.75,12/23/15
Non-Technical Work,12/23/15 8:45,12/23/15 10:30,1.75,12/23/15
Personal,12/23/15 10:30,12/23/15 16:30,6.0,12/23/15
Non-Technical Work,12/23/15 16:30,12/23/15 18:15,1.75,12/23/15
Personal,12/23/15 18:15,12/23/15 20:30,2.25,12/23/15
Technical Work,12/23/15 20:30,12/24/15 0:00,3.5,12/23/15
Technical Work,12/24/15 0:00,12/24/15 1:00,1.0,12/24/15
Sleep,12/24/15 1:00,12/24/15 7:00,6.0,12/24/15
Personal,12/24/15 7:00,12/24/15 22:30,15.5,12/24/15
Non-Technical Work,12/24/15 22:30,12/25/15 0:00,1.5,12/24/15
Technical Work,12/25/15 0:00,12/25/15 1:00,1.0,12/25/15
Sleep,12/25/15 1:00,12/25/15 7:15,6.25,12/25/15
Personal,12/25/15 7:15,12/25/15 22:30,15.25,12/25/15
Non-Technical Work,12/25/15 22:30,12/26/15 0:00,1.5,12/25/15
Technical Work,12/26/15 0:00,12/26/15 1:00,1.0,12/26/15
Sleep,12/26/15 1:00,12/26/15 7:00,6.0,12/26/15
Personal,12/26/15 7:00,12/26/15 11:30,4.5,12/26/15
Non-Technical Work,12/26/15 11:30,12/26/15 16:30,5.0,12/26/15
Personal,12/26/15 16:30,12/26/15 19:30,3.0,12/26/15
Non-Technical Work,12/26/15 19:30,12/27/15 0:00,4.5,12/26/15
Technical Work,12/27/15 0:00,12/27/15 1:00,1.0,12/27/15
Sleep,12/27/15 1:00,12/27/15 5:30,4.5,12/27/15
Travel,12/27/15 5:30,12/27/15 18:00,12.5,12/27/15
Personal,12/27/15 18:00,12/27/15 20:30,2.5,12/27/15
Sleep,12/27/15 20:30,12/28/15 0:00,3.5,12/27/15
Sleep,12/28/15 0:00,12/28/15 6:00,6.0,12/28/15
Personal,12/28/15 6:00,12/28/15 8:00,2.0,12/28/15
Discussion,12/28/15 8:00,12/28/15 8:30,0.5,12/28/15
Technical Work,12/28/15 8:30,12/28/15 18:30,10.0,12/28/15
Personal,12/28/15 18:30,12/28/15 20:00,1.5,12/28/15
Technical Work,12/28/15 20:00,12/29/15 0:00,4.0,12/28/15
Technical Work,12/29/15 0:00,12/29/15 1:00,1.0,12/29/15
Sleep,12/29/15 1:00,12/29/15 6:30,5.5,12/29/15
Personal,12/29/15 6:30,12/29/15 8:00,1.5,12/29/15
Discussion,12/29/15 8:00,12/29/15 8:30,0.5,12/29/15
Technical Work,12/29/15 8:30,12/29/15 18:30,10.0,12/29/15
Personal,12/29/15 18:30,12/29/15 20:00,1.5,12/29/15
Technical Work,12/29/15 20:00,12/30/15 0:00,4.0,12/29/15
Technical Work,12/30/15 0:00,12/30/15 0:30,0.5,12/30/15
Sleep,12/30/15 0:30,12/30/15 6:30,6.0,12/30/15
Personal,12/30/15 6:30,12/30/15 8:00,1.5,12/30/15
Discussion,12/30/15 8:00,12/30/15 8:30,0.5,12/30/15
Technical Work,12/30/15 8:30,12/30/15 19:45,11.25,12/30/15
Personal,12/30/15 19:45,12/30/15 20:30,0.75,12/30/15
Technical Work,12/30/15 20:30,12/31/15 0:00,3.5,12/30/15
Technical Work,12/31/15 0:00,12/31/15 1:00,1.0,12/31/15
Sleep,12/31/15 1:00,12/31/15 6:30,5.5,12/31/15
Personal,12/31/15 6:30,12/31/15 8:00,1.5,12/31/15
Discussion,12/31/15 8:00,12/31/15 8:30,0.5,12/31/15
Technical Work,12/31/15 8:30,12/31/15 18:30,10.0,12/31/15
Personal,12/31/15 18:30,12/31/15 19:45,1.25,12/31/15
Technical Work,12/31/15 19:45,1/1/16 0:00,4.25,12/31/15
Sleep,1/1/16 0:00,1/1/16 5:30,5.5,1/1/16
Personal,1/1/16 5:30,1/1/16 7:00,1.5,1/1/16
Technical Work,1/1/16 7:00,1/1/16 22:30,15.5,1/1/16
Sleep,1/1/16 22:30,1/2/16 0:00,1.5,1/1/16
Sleep,1/2/16 0:00,1/2/16 4:30,4.5,1/2/16
Personal,1/2/16 4:30,1/2/16 6:30,2.0,1/2/16
Technical Work,1/2/16 6:30,1/2/16 22:00,15.5,1/2/16
Sleep,1/2/16 22:00,1/3/16 0:00,2.0,1/2/16
Sleep,1/3/16 0:00,1/3/16 1:00,1.0,1/3/16
Personal,1/3/16 1:00,1/3/16 3:00,2.0,1/3/16
Sleep,1/3/16 3:00,1/3/16 6:00,3.0,1/3/16
Personal,1/3/16 6:00,1/3/16 8:00,2.0,1/3/16
Technical Work,1/3/16 8:00,1/3/16 18:15,10.25,1/3/16
Personal,1/3/16 18:15,1/3/16 19:30,1.25,1/3/16
Technical Work,1/3/16 19:30,1/4/16 0:00,4.5,1/3/16
Technical Work,1/4/16 0:00,1/4/16 0:30,0.5,1/4/16
Sleep,1/4/16 0:30,1/4/16 2:00,1.5,1/4/16
Personal,1/4/16 2:00,1/4/16 4:00,2.0,1/4/16
Sleep,1/4/16 4:00,1/4/16 7:00,3.0,1/4/16
Personal,1/4/16 7:00,1/4/16 8:30,1.5,1/4/16
Sleep,1/4/16 8:30,1/4/16 9:45,1.25,1/4/16
Technical Work,1/4/16 9:45,1/4/16 11:00,1.25,1/4/16
Discussion,1/4/16 11:00,1/4/16 13:30,2.5,1/4/16
Technical Work,1/4/16 13:30,1/4/16 18:15,4.75,1/4/16
Personal,1/4/16 18:15,1/4/16 19:30,1.25,1/4/16
Technical Work,1/4/16 19:30,1/5/16 0:00,4.5,1/4/16
Technical Work,1/5/16 0:00,1/5/16 0:30,0.5,1/5/16
Sleep,1/5/16 0:30,1/5/16 5:30,5.0,1/5/16
Personal,1/5/16 5:30,1/5/16 7:00,1.5,1/5/16
Technical Work,1/5/16 7:00,1/5/16 18:15,11.25,1/5/16
Personal,1/5/16 18:15,1/5/16 19:30,1.25,1/5/16
Technical Work,1/5/16 19:30,1/6/16 0:00,4.5,1/5/16
Technical Work,1/6/16 0:00,1/6/16 0:30,0.5,1/6/16
Sleep,1/6/16 0:30,1/6/16 5:30,5.0,1/6/16
Personal,1/6/16 5:30,1/6/16 7:00,1.5,1/6/16
Technical Work,1/6/16 7:00,1/6/16 18:15,11.25,1/6/16
Personal,1/6/16 18:15,1/6/16 19:30,1.25,1/6/16
Technical Work,1/6/16 19:30,1/7/16 0:00,4.5,1/6/16
Technical Work,1/7/16 0:00,1/7/16 0:30,0.5,1/7/16
Sleep,1/7/16 0:30,1/7/16 5:30,5.0,1/7/16
Personal,1/7/16 5:30,1/7/16 7:00,1.5,1/7/16
Technical Work,1/7/16 7:00,1/7/16 18:15,11.25,1/7/16
Personal,1/7/16 18:15,1/7/16 19:30,1.25,1/7/16
Technical Work,1/7/16 19:30,1/8/16 0:00,4.5,1/7/16
Technical Work,1/8/16 0:00,1/8/16 0:30,0.5,1/8/16
Sleep,1/8/16 0:30,1/8/16 5:30,5.0,1/8/16
Personal,1/8/16 5:30,1/8/16 7:00,1.5,1/8/16
Technical Work,1/8/16 7:00,1/8/16 18:15,11.25,1/8/16
Personal,1/8/16 18:15,1/8/16 19:30,1.25,1/8/16
Technical Work,1/8/16 19:30,1/9/16 0:00,4.5,1/8/16
Technical Work,1/9/16 0:00,1/9/16 1:00,1.0,1/9/16
Sleep,1/9/16 1:00,1/9/16 4:30,3.5,1/9/16
Personal,1/9/16 4:30,1/9/16 8:00,3.5,1/9/16
Technical Work,1/9/16 8:00,1/9/16 11:30,3.5,1/9/16
Personal,1/9/16 11:30,1/9/16 12:45,1.25,1/9/16
Technical Work,1/9/16 12:45,1/9/16 16:15,3.5,1/9/16
Personal,1/9/16 16:15,1/9/16 19:30,3.25,1/9/16
Technical Work,1/9/16 19:30,1/10/16 0:00,4.5,1/9/16
Technical Work,1/10/16 0:00,1/10/16 1:00,1.0,1/10/16
Sleep,1/10/16 1:00,1/10/16 5:30,4.5,1/10/16
Personal,1/10/16 5:30,1/10/16 7:00,1.5,1/10/16
Technical Work,1/10/16 7:00,1/10/16 13:30,6.5,1/10/16
Travel,1/10/16 13:30,1/11/16 0:00,10.5,1/10/16
Travel,1/11/16 0:00,1/11/16 2:00,2.0,1/11/16
Sleep,1/11/16 2:00,1/11/16 4:00,2.0,1/11/16
Technical Work,1/11/16 4:00,1/11/16 10:00,6.0,1/11/16
Discussion,1/11/16 10:00,1/11/16 15:30,5.5,1/11/16
Technical Work,1/11/16 15:30,1/11/16 22:00,6.5,1/11/16
Discussion,1/11/16 22:00,1/12/16 0:00,2.0,1/11/16
Personal,1/12/16 0:00,1/12/16 1:00,1.0,1/12/16
Sleep,1/12/16 1:00,1/12/16 6:00,5.0,1/12/16
Technical Work,1/12/16 6:00,1/12/16 12:00,6.0,1/12/16
Discussion,1/12/16 12:00,1/12/16 14:00,2.0,1/12/16
Technical Work,1/12/16 14:00,1/12/16 18:00,4.0,1/12/16
Discussion,1/12/16 18:00,1/13/16 0:00,6.0,1/12/16
Personal,1/13/16 0:00,1/13/16 1:00,1.0,1/13/16
Sleep,1/13/16 1:00,1/13/16 6:00,5.0,1/13/16
Technical Work,1/13/16 6:00,1/13/16 12:00,6.0,1/13/16
Discussion,1/13/16 12:00,1/14/16 0:00,12.0,1/13/16
Personal,1/14/16 0:00,1/14/16 1:00,1.0,1/14/16
Sleep,1/14/16 1:00,1/14/16 6:00,5.0,1/14/16
Technical Work,1/14/16 6:00,1/14/16 12:00,6.0,1/14/16
Personal,1/14/16 12:00,1/14/16 18:15,6.25,1/14/16
Technical Work,1/14/16 18:15,1/15/16 0:00,5.75,1/14/16
Technical Work,1/15/16 0:00,1/15/16 1:00,1.0,1/15/16
Sleep,1/15/16 1:00,1/15/16 4:00,3.0,1/15/16
Personal,1/15/16 4:00,1/15/16 9:00,5.0,1/15/16
Technical Work,1/15/16 9:00,1/15/16 12:30,3.5,1/15/16
Discussion,1/15/16 12:30,1/15/16 15:00,2.5,1/15/16
Non-Technical Work,1/15/16 15:00,1/15/16 16:00,1.0,1/15/16
Discussion,1/15/16 16:00,1/15/16 18:30,2.5,1/15/16
Personal,1/15/16 18:30,1/15/16 20:00,1.5,1/15/16
Technical Work,1/15/16 20:00,1/16/16 0:00,4.0,1/15/16
Technical Work,1/16/16 0:00,1/16/16 1:00,1.0,1/16/16
Sleep,1/16/16 1:00,1/16/16 5:30,4.5,1/16/16
Personal,1/16/16 5:30,1/16/16 9:00,3.5,1/16/16
Technical Work,1/16/16 9:00,1/16/16 12:30,3.5,1/16/16
Personal,1/16/16 12:30,1/16/16 18:30,6.0,1/16/16
Technical Work,1/16/16 18:30,1/17/16 0:00,5.5,1/16/16
Technical Work,1/17/16 0:00,1/17/16 1:00,1.0,1/17/16
Sleep,1/17/16 1:00,1/17/16 5:30,4.5,1/17/16
Personal,1/17/16 5:30,1/17/16 9:00,3.5,1/17/16
Technical Work,1/17/16 9:00,1/17/16 12:15,3.25,1/17/16
Personal,1/17/16 12:15,1/17/16 19:00,6.75,1/17/16
Technical Work,1/17/16 19:00,1/18/16 0:00,5.0,1/17/16
Technical Work,1/18/16 0:00,1/18/16 1:00,1.0,1/18/16
Sleep,1/18/16 1:00,1/18/16 5:30,4.5,1/18/16
Personal,1/18/16 5:30,1/18/16 9:00,3.5,1/18/16
Personal,1/18/16 9:00,1/18/16 12:30,3.5,1/18/16
Personal,1/18/16 12:30,1/18/16 19:00,6.5,1/18/16
Technical Work,1/18/16 19:00,1/19/16 0:00,5.0,1/18/16
Technical Work,1/19/16 0:00,1/19/16 1:00,1.0,1/19/16
Sleep,1/19/16 1:00,1/19/16 5:30,4.5,1/19/16
Technical Work,1/19/16 5:30,1/19/16 12:00,6.5,1/19/16
Discussion,1/19/16 12:00,1/19/16 14:00,2.0,1/19/16
Technical Work,1/19/16 14:00,1/19/16 17:30,3.5,1/19/16
Discussion,1/19/16 17:30,1/19/16 19:00,1.5,1/19/16
Technical Work,1/19/16 19:00,1/20/16 0:00,5.0,1/19/16
Technical Work,1/20/16 0:00,1/20/16 1:00,1.0,1/20/16
Sleep,1/20/16 1:00,1/20/16 6:00,5.0,1/20/16
Personal,1/20/16 6:00,1/20/16 6:30,0.5,1/20/16
Technical Work,1/20/16 6:30,1/20/16 10:00,3.5,1/20/16
Discussion,1/20/16 10:00,1/20/16 13:30,3.5,1/20/16
Technical Work,1/20/16 13:30,1/20/16 17:00,3.5,1/20/16
Discussion,1/20/16 17:00,1/20/16 23:30,6.5,1/20/16
Non-Technical Work,1/20/16 23:30,1/21/16 0:00,0.5,1/20/16
Sleep,1/21/16 0:00,1/21/16 4:00,4.0,1/21/16
Personal,1/21/16 4:00,1/21/16 5:00,1.0,1/21/16
Travel,1/21/16 5:00,1/21/16 19:00,14.0,1/21/16
Personal,1/21/16 19:00,1/21/16 20:00,1.0,1/21/16
Non-Technical Work,1/21/16 20:00,1/22/16 0:00,4.0,1/21/16
Non-Technical Work,1/22/16 0:00,1/22/16 0:30,0.5,1/22/16
Sleep,1/22/16 0:30,1/22/16 5:30,5.0,1/22/16
Personal,1/22/16 5:30,1/22/16 7:30,2.0,1/22/16
Discussion,1/22/16 7:30,1/22/16 8:15,0.75,1/22/16
Non-Technical Work,1/22/16 8:15,1/22/16 11:30,3.25,1/22/16
Technical Work,1/22/16 11:30,1/22/16 18:30,7.0,1/22/16
Personal,1/22/16 18:30,1/22/16 20:30,2.0,1/22/16
Technical Work,1/22/16 20:30,1/23/16 0:00,3.5,1/22/16
Technical Work,1/23/16 0:00,1/23/16 1:00,1.0,1/23/16
Sleep,1/23/16 1:00,1/23/16 5:30,4.5,1/23/16
Personal,1/23/16 5:30,1/23/16 8:00,2.5,1/23/16
Technical Work,1/23/16 8:00,1/23/16 13:00,5.0,1/23/16
Personal,1/23/16 13:00,1/23/16 15:00,2.0,1/23/16
Technical Work,1/23/16 15:00,1/23/16 18:30,3.5,1/23/16
Personal,1/23/16 18:30,1/23/16 20:30,2.0,1/23/16
Technical Work,1/23/16 20:30,1/24/16 0:00,3.5,1/23/16
Technical Work,1/24/16 0:00,1/24/16 1:00,1.0,1/24/16
Sleep,1/24/16 1:00,1/24/16 5:30,4.5,1/24/16
Personal,1/24/16 5:30,1/24/16 8:00,2.5,1/24/16
Technical Work,1/24/16 8:00,1/24/16 18:30,10.5,1/24/16
Personal,1/24/16 18:30,1/24/16 20:30,2.0,1/24/16
Technical Work,1/24/16 20:30,1/25/16 0:00,3.5,1/24/16
